section,file,part,staff,notes,mean pitch,mean fret,max fret,range (midi),outcome
art-of-fugue,contrapunctusI.gp5,Guitar I,Guitar II,283,65.7,3.7,13,53-77,left as it is - nothing lower fits without falling off the neck
art-of-fugue,contrapunctusI.gp5,Guitar II,Guitar I,279,71.8,8.8,19,61-82,left as it is - nothing lower fits without falling off the neck
art-of-fugue,contrapunctusI.gp5,Guitar III,Guitar III,234,58.0,1.7,5,49-69,left as it is - nothing lower fits without falling off the neck
art-of-fugue,contrapunctusI.gp5,Bass,Bass,215,37.9,1.7,8,28-50,left as it is - nothing lower fits without falling off the neck
art-of-fugue,contrapunctusII.gp5,Guitar I,Guitar III,306,57.2,1.9,5,45-67,left as it is - nothing lower fits without falling off the neck
art-of-fugue,contrapunctusII.gp5,Guitar II,Guitar II,318,64.9,3.5,12,53-76,left as it is - nothing lower fits without falling off the neck
art-of-fugue,contrapunctusII.gp5,Guitar III,Guitar I,279,71.8,8.7,20,57-84,left as it is - nothing lower fits without falling off the neck
art-of-fugue,contrapunctusII.gp5,Bass,Bass,293,38.6,1.6,7,28-50,left as it is - nothing lower fits without falling off the neck
art-of-fugue,contrapunctusIII.gp5,Guitar I,Guitar III,281,58.0,1.6,4,46-67,left as it is - nothing lower fits without falling off the neck
art-of-fugue,contrapunctusIII.gp5,Guitar II,Guitar II,369,67.2,4.3,13,55-77,left as it is - nothing lower fits without falling off the neck
art-of-fugue,contrapunctusIII.gp5,Guitar III,Guitar I,229,73.7,10.2,18,61-82,left as it is - nothing lower fits without falling off the neck
art-of-fugue,contrapunctusIII.gp5,Bass,Bass,276,37.9,1.7,5,28-48,left as it is - nothing lower fits without falling off the neck
art-of-fugue,contrapunctusIV.gp5,Guitar I,Guitar I,493,73.6,10.6,20,62-84,left as it is - nothing lower fits without falling off the neck
art-of-fugue,contrapunctusIV.gp5,Guitar II,Guitar II,559,67.3,4.4,15,57-79,left as it is - nothing lower fits without falling off the neck
art-of-fugue,contrapunctusIV.gp5,Guitar III,Guitar III,533,58.0,1.8,6,47-70,left as it is - nothing lower fits without falling off the neck
art-of-fugue,contrapunctusIV.gp5,Bass,Bass,472,37.9,1.6,7,28-50,left as it is - nothing lower fits without falling off the neck
art-of-fugue,contrapunctusIX.gp5,Guitar I,Guitar II,510,66.4,3.9,13,56-77,left as it is - nothing lower fits without falling off the neck
art-of-fugue,contrapunctusIX.gp5,Guitar II,Guitar I,535,71.6,8.1,20,62-84,left as it is - nothing lower fits without falling off the neck
art-of-fugue,contrapunctusIX.gp5,Guitar III,Guitar III,375,57.4,1.7,6,48-69,left as it is - nothing lower fits without falling off the neck
art-of-fugue,contrapunctusIX.gp5,Bass,Bass,344,39.7,1.8,7,28-50,left as it is - nothing lower fits without falling off the neck
art-of-fugue,contrapunctusV.gp5,Guitar I,Guitar II,351,67.3,4.7,17,56-81,left as it is - nothing lower fits without falling off the neck
art-of-fugue,contrapunctusV.gp5,Guitar II,Guitar I,355,72.8,9.7,20,59-84,left as it is - nothing lower fits without falling off the neck
art-of-fugue,contrapunctusV.gp5,Guitar III,Guitar III,322,59.4,2.0,9,48-70,left as it is - nothing lower fits without falling off the neck
art-of-fugue,contrapunctusV.gp5,Bass,Bass,356,40.2,2.0,12,28-55,left as it is - nothing lower fits without falling off the neck
art-of-fugue,contrapunctusVI.gp5,Guitar I,Guitar I,478,72.4,8.9,20,60-84,left as it is - nothing lower fits without falling off the neck
art-of-fugue,contrapunctusVI.gp5,Guitar II,Guitar II,485,66.5,4.1,15,53-79,left as it is - nothing lower fits without falling off the neck
art-of-fugue,contrapunctusVI.gp5,Guitar III,Guitar III,380,57.2,1.7,6,48-69,left as it is - nothing lower fits without falling off the neck
art-of-fugue,contrapunctusVI.gp5,Bass,Bass,529,38.7,1.7,8,28-50,left as it is - nothing lower fits without falling off the neck
art-of-fugue,contrapunctusVII.gp5,Guitar I,Guitar III,403,57.9,2.0,6,47-69,left as it is - nothing lower fits without falling off the neck
art-of-fugue,contrapunctusVII.gp5,Guitar II,Guitar I,445,73.1,9.6,18,61-82,left as it is - nothing lower fits without falling off the neck
art-of-fugue,contrapunctusVII.gp5,Guitar III,Guitar II,382,67.1,4.7,13,52-77,left as it is - nothing lower fits without falling off the neck
art-of-fugue,contrapunctusVII.gp5,Bass,Bass,420,38.6,1.6,7,28-50,left as it is - nothing lower fits without falling off the neck
art-of-fugue,contrapunctusVIII.gp5,Guitar I,Guitar II,957,63.2,3.0,13,47-77,left as it is - nothing lower fits without falling off the neck
art-of-fugue,contrapunctusVIII.gp5,Guitar II,Guitar I,956,71.3,8.4,20,57-84,left as it is - nothing lower fits without falling off the neck
art-of-fugue,contrapunctusVIII.gp5,Bass,Bass,881,39.6,2.4,12,28-55,left as it is - nothing lower fits without falling off the neck
art-of-fugue,contrapunctusX.gp5,Guitar I,Guitar II,482,68.3,5.6,17,57-81,whole piece -2 semitones
art-of-fugue,contrapunctusX.gp5,Guitar II,Guitar III,482,58.8,1.8,6,46-69,whole piece -2 semitones
art-of-fugue,contrapunctusX.gp5,Guitar III,Guitar I,508,74.6,11.7,20,59-84,whole piece -2 semitones
art-of-fugue,contrapunctusX.gp5,Bass,Bass,394,39.9,1.9,12,28-55,"whole piece -2 semitones, drop D"
art-of-fugue,contrapunctusXI.gp5,Guitar I,Guitar II,907,67.3,4.3,15,53-79,whole piece -2 semitones
art-of-fugue,contrapunctusXI.gp5,Guitar II,Guitar I,897,73.9,10.5,20,60-84,whole piece -2 semitones
art-of-fugue,contrapunctusXI.gp5,Guitar III,Guitar III,723,59.5,1.8,10,48-74,whole piece -2 semitones
art-of-fugue,contrapunctusXI.gp5,Bass,Bass,690,39.8,1.8,7,28-50,"whole piece -2 semitones, drop D"
art-of-fugue,contrapunctusXII.gp5,Guitar,Guitar,1229,70.2,8.0,18,45-82,left as it is - nothing lower fits without falling off the neck
art-of-fugue,contrapunctusXII.gp5,Bass,Bass,1167,41.2,3.0,12,28-55,left as it is - nothing lower fits without falling off the neck
art-of-fugue,contrapunctusXIII.gp5,Guitar,Guitar,937,71.1,7.9,18,57-82,left as it is - nothing lower fits without falling off the neck
art-of-fugue,contrapunctusXIII.gp5,Bass,Bass,990,37.8,1.7,7,28-50,left as it is - nothing lower fits without falling off the neck
art-of-fugue,contrapunctusXIV.gp5,Guitar,Guitar,738,74.6,11.9,22,60-86,whole piece -2 semitones
art-of-fugue,contrapunctusXIV.gp5,Bass,Bass,763,38.9,2.1,12,28-55,"whole piece -2 semitones, drop D"
art-of-fugue,contrapunctusXIX.gp5,Guitar I,Guitar III,711,58.3,1.8,6,48-70,left as it is - nothing lower fits without falling off the neck
art-of-fugue,contrapunctusXIX.gp5,Guitar II,Guitar II,793,66.3,3.7,15,53-79,left as it is - nothing lower fits without falling off the neck
art-of-fugue,contrapunctusXIX.gp5,Guitar III,Guitar I,675,73.1,9.6,20,62-84,left as it is - nothing lower fits without falling off the neck
art-of-fugue,contrapunctusXIX.gp5,Bass,Bass,675,39.1,1.6,7,28-50,left as it is - nothing lower fits without falling off the neck
art-of-fugue,contrapunctusXV.gp5,Guitar,Guitar,706,71.2,8.8,22,57-86,whole piece -2 semitones
art-of-fugue,contrapunctusXV.gp5,Bass,Bass,707,43.4,4.0,12,28-55,"whole piece -2 semitones, drop D"
chorales,BWV_0599.gp5,Guitar I,Guitar I,42,69.5,6.8,12,40-76,left as it is - already sits well
chorales,BWV_0599.gp5,Guitar II,Guitar II,82,65.5,2.8,8,59-72,left as it is - already sits well
chorales,BWV_0599.gp5,Guitar III,Guitar III,38,60.8,1.4,3,42-65,left as it is - already sits well
chorales,BWV_0599.gp5,Guitar IV,Guitar IV,74,56.2,1.4,5,44-69,left as it is - already sits well
chorales,BWV_0599.gp5,Bass,Bass,42,38.8,1.3,5,28-48,left as it is - already sits well
chorales,BWV_0600.gp5,Guitar I,Guitar III,199,63.3,2.4,13,52-77,whole piece -3 semitones
chorales,BWV_0600.gp5,Guitar II,Guitar I,173,70.2,8.7,22,48-86,whole piece -3 semitones
chorales,BWV_0600.gp5,Guitar III,Guitar II,134,68.5,6.9,22,48-86,whole piece -3 semitones
chorales,BWV_0600.gp5,Bass,Bass,55,45.4,3.8,10,38-53,whole piece -3 semitones
chorales,BWV_0601.gp5,Guitar I,Guitar III,176,61.9,3.0,12,42-76,left as it is - already sits well
chorales,BWV_0601.gp5,Guitar II,Guitar II,192,63.0,3.0,10,42-74,left as it is - already sits well
chorales,BWV_0601.gp5,Guitar III,Guitar IV,175,60.7,3.0,12,45-76,left as it is - already sits well
chorales,BWV_0601.gp5,Guitar IV,Guitar I,14,65.9,3.3,7,61-71,left as it is - already sits well
chorales,BWV_0601.gp5,Bass,Bass,175,39.2,2.4,6,28-49,left as it is - already sits well
chorales,BWV_0601_Neumeister.gp5,Guitar I,Guitar I,77,71.3,7.6,12,66-76,left as it is - already sits well
chorales,BWV_0601_Neumeister.gp5,Guitar II,Guitar II,229,65.5,2.9,9,57-73,left as it is - already sits well
chorales,BWV_0601_Neumeister.gp5,Guitar III,Guitar III,253,56.3,1.8,4,42-66,left as it is - already sits well
chorales,BWV_0601_Neumeister.gp5,Bass,Bass,175,39.2,2.4,6,28-49,left as it is - already sits well
chorales,BWV_0602.gp5,Guitar I,Guitar I,59,66.4,3.8,12,57-76,left as it is - already sits well
chorales,BWV_0602.gp5,Guitar II,Guitar III,102,57.6,2.2,12,48-76,left as it is - already sits well
chorales,BWV_0602.gp5,Guitar III,Guitar II,96,64.3,2.8,8,57-72,left as it is - already sits well
chorales,BWV_0602.gp5,Bass,Bass,95,36.6,1.4,4,28-45,left as it is - already sits well
chorales,BWV_0603.gp5,Guitar I,Guitar I,38,67.9,3.9,8,65-72,left as it is - already sits well
chorales,BWV_0603.gp5,Guitar II,Guitar II,137,60.5,2.3,5,53-67,left as it is - already sits well
chorales,BWV_0603.gp5,Guitar III,Guitar III,143,58.5,2.1,6,45-68,left as it is - already sits well
chorales,BWV_0603.gp5,Guitar IV,Guitar IV,42,51.7,1.0,4,41-59,left as it is - already sits well
chorales,BWV_0603.gp5,Bass,Bass,80,39.2,1.9,7,29-50,left as it is - already sits well
chorales,BWV_0604.gp5,Guitar I,Guitar I,55,69.3,5.9,12,62-76,left as it is - already sits well
chorales,BWV_0604.gp5,Guitar II,Guitar II,76,62.8,1.9,7,54-71,left as it is - already sits well
chorales,BWV_0604.gp5,Guitar III,Guitar III,82,56.9,1.4,4,48-65,left as it is - already sits well
chorales,BWV_0604.gp5,Bass,Bass,93,47.1,6.5,12,36-55,left as it is - already sits well
chorales,BWV_0605.gp5,Guitar I,Guitar I,124,64.0,3.2,12,52-76,left as it is - already sits well
chorales,BWV_0605.gp5,Guitar II,Guitar IV,208,59.0,1.3,5,50-69,left as it is - already sits well
chorales,BWV_0605.gp5,Guitar III,Guitar II,203,60.8,2.0,8,47-72,left as it is - already sits well
chorales,BWV_0605.gp5,Guitar IV,Guitar III,35,60.7,1.6,7,55-71,left as it is - already sits well
chorales,BWV_0605.gp5,Bass,Bass,143,46.8,4.8,12,36-55,left as it is - already sits well
chorales,BWV_0606.gp5,Guitar I,Guitar II,81,65.1,3.5,10,50-74,left as it is - nothing lower fits without falling off the neck
chorales,BWV_0606.gp5,Guitar II,Guitar I,122,72.6,9.4,19,50-83,left as it is - nothing lower fits without falling off the neck
chorales,BWV_0606.gp5,Guitar III,Guitar III,83,64.7,3.5,10,54-74,left as it is - nothing lower fits without falling off the neck
chorales,BWV_0606.gp5,Bass,Bass,62,38.2,1.8,6,28-47,left as it is - nothing lower fits without falling off the neck
chorales,BWV_0607.gp5,Guitar I,Guitar I,39,70.4,6.9,13,67-77,left as it is - nothing lower fits without falling off the neck
chorales,BWV_0607.gp5,Guitar II,Guitar II,108,65.0,3.8,10,57-74,left as it is - nothing lower fits without falling off the neck
chorales,BWV_0607.gp5,Guitar III,Guitar III,359,56.0,2.3,15,41-79,left as it is - nothing lower fits without falling off the neck
chorales,BWV_0607.gp5,Bass,Bass,91,41.6,3.3,12,31-55,left as it is - nothing lower fits without falling off the neck
chorales,BWV_0608.gp5,Guitar I,Guitar I,126,72.8,9.0,17,66-81,left as it is - nothing lower fits without falling off the neck
chorales,BWV_0608.gp5,Guitar II,Guitar II,423,66.3,3.9,12,50-76,left as it is - nothing lower fits without falling off the neck
chorales,BWV_0608.gp5,Guitar III,Guitar III,77,60.0,1.5,4,54-66,left as it is - nothing lower fits without falling off the neck
chorales,BWV_0608.gp5,Bass,Bass,431,41.7,2.7,9,28-52,left as it is - nothing lower fits without falling off the neck
chorales,BWV_0609.gp5,Guitar I,Guitar I,48,71.9,8.1,12,67-76,left as it is - already sits well
chorales,BWV_0609.gp5,Guitar II,Guitar II,133,65.9,3.4,10,55-74,left as it is - already sits well
chorales,BWV_0609.gp5,Guitar III,Guitar III,126,58.2,1.4,7,47-71,left as it is - already sits well
chorales,BWV_0609.gp5,Bass,Bass,69,38.4,1.9,7,28-50,left as it is - already sits well
chorales,BWV_0610.gp5,Guitar I,Guitar I,58,68.0,5.2,11,60-75,left as it is - already sits well
chorales,BWV_0610.gp5,Guitar II,Guitar II,218,62.5,2.5,6,53-68,left as it is - already sits well
chorales,BWV_0610.gp5,Guitar III,Guitar III,220,55.5,1.4,4,46-63,left as it is - already sits well
chorales,BWV_0610.gp5,Bass,Bass,200,38.2,1.9,6,29-48,left as it is - already sits well
chorales,BWV_0611.gp5,Guitar I,Guitar III,67,67.4,4.1,8,62-72,whole piece -2 semitones
chorales,BWV_0611.gp5,Guitar II,Guitar IV,105,60.8,2.0,8,48-72,whole piece -2 semitones
chorales,BWV_0611.gp5,Guitar III,Guitar I,203,74.9,11.6,20,62-84,whole piece -2 semitones
chorales,BWV_0611.gp5,Guitar IV,Guitar II,181,70.6,7.7,18,50-82,whole piece -2 semitones
chorales,BWV_0611.gp5,Bass,Bass,20,46.2,5.5,10,40-52,whole piece -2 semitones
chorales,BWV_0612.gp5,Guitar I,Guitar II,242,62.8,2.7,8,55-72,left as it is - already sits well
chorales,BWV_0612.gp5,Guitar II,Guitar III,177,53.8,1.5,4,43-62,left as it is - already sits well
chorales,BWV_0612.gp5,Guitar III,Guitar I,53,69.4,6.1,11,62-74,left as it is - already sits well
chorales,BWV_0612.gp5,Bass,Bass,114,47.7,7.1,12,36-55,left as it is - already sits well
chorales,BWV_0613.gp5,Guitar I,Guitar I,129,67.8,4.5,14,57-78,left as it is - nothing lower fits without falling off the neck
chorales,BWV_0613.gp5,Guitar II,Guitar II,94,67.5,6.7,15,45-78,left as it is - nothing lower fits without falling off the neck
chorales,BWV_0613.gp5,Guitar III,Guitar III,151,58.8,1.9,10,45-73,left as it is - nothing lower fits without falling off the neck
chorales,BWV_0613.gp5,Bass,Bass,106,36.1,2.2,6,28-47,left as it is - nothing lower fits without falling off the neck
chorales,BWV_0614.gp5,Guitar I,Guitar I,148,68.2,4.6,14,62-78,left as it is - nothing lower fits without falling off the neck
chorales,BWV_0614.gp5,Guitar II,Guitar III,80,56.7,1.6,4,50-67,left as it is - nothing lower fits without falling off the neck
chorales,BWV_0614.gp5,Guitar III,Guitar II,99,62.9,1.8,6,57-70,left as it is - nothing lower fits without falling off the neck
chorales,BWV_0614.gp5,Bass,Bass,57,45.7,4.4,12,36-55,left as it is - nothing lower fits without falling off the neck
chorales,BWV_0615.gp5,Guitar I,Guitar II,443,64.0,4.2,15,43-79,left as it is - nothing lower fits without falling off the neck
chorales,BWV_0615.gp5,Guitar II,Guitar I,300,64.6,5.1,17,40-81,left as it is - nothing lower fits without falling off the neck
chorales,BWV_0615.gp5,Guitar III,Guitar IV,321,61.5,3.2,16,43-79,left as it is - nothing lower fits without falling off the neck
chorales,BWV_0615.gp5,Guitar IV,Guitar III,155,62.4,2.9,10,47-74,left as it is - nothing lower fits without falling off the neck
chorales,BWV_0615.gp5,Bass,Bass,263,38.4,2.0,7,28-50,left as it is - nothing lower fits without falling off the neck
chorales,BWV_0615a.gp5,Guitar I,Guitar I,333,63.8,4.2,15,43-79,left as it is - nothing lower fits without falling off the neck
chorales,BWV_0615a.gp5,Guitar II,Guitar III,250,63.3,4.3,15,40-79,left as it is - nothing lower fits without falling off the neck
chorales,BWV_0615a.gp5,Guitar III,Guitar IV,226,62.5,3.8,17,43-81,left as it is - nothing lower fits without falling off the neck
chorales,BWV_0615a.gp5,Guitar IV,Guitar II,149,63.6,3.8,15,48-79,left as it is - nothing lower fits without falling off the neck
chorales,BWV_0615a.gp5,Bass,Bass,177,45.3,3.5,12,36-55,left as it is - nothing lower fits without falling off the neck
chorales,BWV_0616.gp5,Guitar I,Guitar I,80,67.6,4.9,13,60-77,left as it is - nothing lower fits without falling off the neck
chorales,BWV_0616.gp5,Guitar II,Guitar II,191,62.1,1.8,8,52-72,left as it is - nothing lower fits without falling off the neck
chorales,BWV_0616.gp5,Guitar III,Guitar IV,182,55.7,1.6,4,45-65,left as it is - nothing lower fits without falling off the neck
chorales,BWV_0616.gp5,Guitar IV,Guitar III,119,61.6,2.0,7,48-71,left as it is - nothing lower fits without falling off the neck
chorales,BWV_0616.gp5,Bass,Bass,39,37.3,1.6,4,31-45,left as it is - nothing lower fits without falling off the neck
chorales,BWV_0617.gp5,Guitar I,Guitar II,245,64.1,3.0,12,45-76,left as it is - nothing lower fits without falling off the neck
chorales,BWV_0617.gp5,Guitar II,Guitar IV,297,60.8,2.7,13,43-77,left as it is - nothing lower fits without falling off the neck
chorales,BWV_0617.gp5,Guitar III,Guitar I,136,71.1,7.9,13,63-77,left as it is - nothing lower fits without falling off the neck
chorales,BWV_0617.gp5,Guitar IV,Guitar III,166,61.4,2.2,13,47-77,left as it is - nothing lower fits without falling off the neck
chorales,BWV_0617.gp5,Bass,Bass,255,39.9,1.9,7,28-50,left as it is - nothing lower fits without falling off the neck
chorales,BWV_0618.gp5,Guitar I,Guitar I,355,72.4,8.9,18,52-82,left as it is - nothing lower fits without falling off the neck
chorales,BWV_0618.gp5,Guitar II,Guitar III,308,61.1,2.1,10,48-74,left as it is - nothing lower fits without falling off the neck
chorales,BWV_0618.gp5,Guitar III,Guitar IV,159,56.9,2.3,13,40-77,left as it is - nothing lower fits without falling off the neck
chorales,BWV_0618.gp5,Guitar IV,Guitar II,89,62.9,3.9,15,53-79,left as it is - nothing lower fits without falling off the neck
chorales,BWV_0619.gp5,Guitar I,Guitar II,71,70.8,7.1,17,64-81,left as it is - nothing lower fits without falling off the neck
chorales,BWV_0619.gp5,Guitar II,Guitar IV,38,59.3,1.8,5,53-69,left as it is - nothing lower fits without falling off the neck
chorales,BWV_0619.gp5,Guitar III,Guitar I,23,75.3,11.3,15,72-79,left as it is - nothing lower fits without falling off the neck
chorales,BWV_0619.gp5,Guitar IV,Guitar III,46,62.3,1.6,5,57-69,left as it is - nothing lower fits without falling off the neck
chorales,BWV_0619.gp5,Bass,Bass,59,37.1,1.5,5,28-48,left as it is - nothing lower fits without falling off the neck
chorales,BWV_0620.gp5,Guitar I,Guitar I,190,63.6,2.7,12,56-76,left as it is - already sits well
chorales,BWV_0620.gp5,Guitar II,Guitar III,215,54.3,1.8,7,45-71,left as it is - already sits well
chorales,BWV_0620.gp5,Guitar III,Guitar II,125,63.1,3.1,12,50-76,left as it is - already sits well
chorales,BWV_0620.gp5,Bass,Bass,75,44.5,3.2,9,37-52,left as it is - already sits well
chorales,BWV_0620a.gp5,Guitar I,Guitar II,166,60.0,2.0,12,47-76,left as it is - already sits well
chorales,BWV_0620a.gp5,Guitar II,Guitar III,186,57.6,1.9,9,45-73,left as it is - already sits well
chorales,BWV_0620a.gp5,Guitar III,Guitar I,123,62.9,3.9,12,45-76,left as it is - already sits well
chorales,BWV_0620a.gp5,Bass,Bass,74,44.5,3.2,9,37-52,left as it is - already sits well
chorales,BWV_0621.gp5,Guitar I,Guitar I,50,68.0,4.2,10,62-74,left as it is - already sits well
chorales,BWV_0621.gp5,Guitar II,Guitar III,147,55.2,1.5,6,43-65,left as it is - already sits well
chorales,BWV_0621.gp5,Guitar III,Guitar II,112,62.1,1.8,5,55-69,left as it is - already sits well
chorales,BWV_0621.gp5,Bass,Bass,71,37.2,1.7,4,28-47,left as it is - already sits well
chorales,BWV_0622.gp5,Guitar I,Guitar I,369,69.1,6.0,18,58-82,left as it is - nothing lower fits without falling off the neck
chorales,BWV_0622.gp5,Guitar II,Guitar II,218,63.0,2.9,8,55-70,left as it is - nothing lower fits without falling off the neck
chorales,BWV_0622.gp5,Guitar III,Guitar III,220,57.3,1.6,6,46-70,left as it is - nothing lower fits without falling off the neck
chorales,BWV_0622.gp5,Bass,Bass,173,47.8,6.8,12,36-55,left as it is - nothing lower fits without falling off the neck
chorales,BWV_0622a.gp5,Guitar I,Guitar I,317,69.0,6.0,18,53-82,down an octave
chorales,BWV_0622a.gp5,Guitar II,Guitar II,126,68.6,5.3,13,58-77,down an octave
chorales,BWV_0623.gp5,Guitar I,Guitar I,50,69.7,5.7,12,64-76,left as it is - already sits well
chorales,BWV_0623.gp5,Guitar II,Guitar II,115,63.8,2.1,7,59-71,left as it is - already sits well
chorales,BWV_0623.gp5,Guitar III,Guitar III,110,58.2,1.2,4,50-67,left as it is - already sits well
chorales,BWV_0623.gp5,Bass,Bass,98,42.3,3.1,12,28-55,left as it is - already sits well
chorales,BWV_0624.gp5,Guitar I,Guitar I,63,68.7,5.2,10,62-74,left as it is - nothing lower fits without falling off the neck
chorales,BWV_0624.gp5,Guitar II,Guitar III,382,62.3,4.1,18,43-80,left as it is - nothing lower fits without falling off the neck
chorales,BWV_0624.gp5,Guitar III,Guitar II,67,62.3,1.8,5,55-69,left as it is - nothing lower fits without falling off the neck
chorales,BWV_0624.gp5,Bass,Bass,106,39.7,2.2,8,30-50,left as it is - nothing lower fits without falling off the neck
chorales,BWV_0625.gp5,Guitar I,Guitar I,101,62.8,2.8,10,53-74,left as it is - nothing lower fits without falling off the neck
chorales,BWV_0625.gp5,Guitar II,Guitar II,143,62.1,3.0,13,47-77,left as it is - nothing lower fits without falling off the neck
chorales,BWV_0625.gp5,Guitar III,Guitar III,157,58.3,1.9,7,47-71,left as it is - nothing lower fits without falling off the neck
chorales,BWV_0625.gp5,Bass,Bass,131,36.9,1.4,4,28-46,left as it is - nothing lower fits without falling off the neck
chorales,BWV_0626.gp5,Guitar I,Guitar I,39,68.9,5.2,10,66-74,left as it is - already sits well
chorales,BWV_0626.gp5,Guitar II,Guitar II,60,61.7,1.4,5,55-69,left as it is - already sits well
chorales,BWV_0626.gp5,Guitar III,Guitar III,66,57.0,1.7,4,45-67,left as it is - already sits well
chorales,BWV_0626.gp5,Bass,Bass,60,37.4,1.4,4,28-47,left as it is - already sits well
chorales,BWV_0627.gp5,Guitar I,Guitar I,123,66.1,3.7,10,60-74,left as it is - already sits well
chorales,BWV_0627.gp5,Guitar II,Guitar II,545,60.9,1.9,6,53-70,left as it is - already sits well
chorales,BWV_0627.gp5,Guitar III,Guitar IV,538,54.3,1.8,4,45-64,left as it is - already sits well
chorales,BWV_0627.gp5,Guitar IV,Guitar III,412,59.8,1.9,5,48-69,left as it is - already sits well
chorales,BWV_0627.gp5,Bass,Bass,42,47.4,5.4,10,38-53,left as it is - already sits well
chorales,BWV_0628.gp5,Guitar I,Guitar I,57,65.5,3.4,12,50-76,left as it is - already sits well
chorales,BWV_0628.gp5,Guitar II,Guitar II,92,61.7,2.4,10,50-74,left as it is - already sits well
chorales,BWV_0628.gp5,Guitar III,Guitar III,166,54.8,1.8,4,40-66,left as it is - already sits well
chorales,BWV_0628.gp5,Bass,Bass,45,46.4,6.9,12,38-55,left as it is - already sits well
chorales,BWV_0629.gp5,Guitar I,Guitar II,87,60.6,2.9,10,45-74,left as it is - already sits well
chorales,BWV_0629.gp5,Guitar II,Guitar III,141,56.3,1.5,4,45-65,left as it is - already sits well
chorales,BWV_0629.gp5,Guitar III,Guitar I,98,63.0,2.3,10,52-74,left as it is - already sits well
chorales,BWV_0629.gp5,Bass,Bass,43,43.0,2.4,7,36-50,left as it is - already sits well
chorales,BWV_0630.gp5,Guitar I,Guitar I,57,71.4,7.4,13,66-77,left as it is - nothing lower fits without falling off the neck
chorales,BWV_0630.gp5,Guitar II,Guitar II,225,64.9,3.1,8,57-72,left as it is - nothing lower fits without falling off the neck
chorales,BWV_0630.gp5,Guitar III,Guitar III,209,58.6,2.1,4,49-67,left as it is - nothing lower fits without falling off the neck
chorales,BWV_0630.gp5,Bass,Bass,115,42.1,3.6,12,29-55,left as it is - nothing lower fits without falling off the neck
chorales,BWV_0630a.gp5,Guitar I,Guitar III,153,62.6,3.0,10,52-74,left as it is - nothing lower fits without falling off the neck
chorales,BWV_0630a.gp5,Guitar II,Guitar I,139,63.9,3.5,13,45-77,left as it is - nothing lower fits without falling off the neck
chorales,BWV_0630a.gp5,Guitar III,Guitar II,158,63.1,3.3,10,46-74,left as it is - nothing lower fits without falling off the neck
chorales,BWV_0630a.gp5,Guitar IV,Guitar IV,114,52.5,1.5,5,41-69,left as it is - nothing lower fits without falling off the neck
chorales,BWV_0630a.gp5,Bass,Bass,41,49.1,7.6,12,38-55,left as it is - nothing lower fits without falling off the neck
chorales,BWV_0631.gp5,Guitar I,Guitar III,117,64.4,2.1,8,55-72,left as it is - already sits well
chorales,BWV_0631.gp5,Guitar II,Guitar I,34,69.8,7.4,13,60-76,left as it is - already sits well
chorales,BWV_0631.gp5,Guitar III,Guitar IV,129,56.5,1.3,4,48-64,left as it is - already sits well
chorales,BWV_0631.gp5,Guitar IV,Guitar II,11,64.5,1.4,3,59-67,left as it is - already sits well
chorales,BWV_0631.gp5,Bass,Bass,51,47.9,6.7,12,36-55,left as it is - already sits well
chorales,BWV_0631a.gp5,Guitar I,Guitar II,111,64.4,2.4,8,55-72,left as it is - already sits well
chorales,BWV_0631a.gp5,Guitar II,Guitar I,34,69.8,7.4,13,60-76,left as it is - already sits well
chorales,BWV_0631a.gp5,Guitar III,Guitar III,115,56.6,1.3,3,48-67,left as it is - already sits well
chorales,BWV_0631a.gp5,Bass,Bass,43,48.4,7.0,12,36-55,left as it is - already sits well
chorales,BWV_0632.gp5,Guitar I,Guitar II,103,61.0,2.0,6,53-70,left as it is - already sits well
chorales,BWV_0632.gp5,Guitar II,Guitar IV,135,57.0,2.1,8,41-72,left as it is - already sits well
chorales,BWV_0632.gp5,Guitar III,Guitar III,106,60.7,3.3,13,43-74,left as it is - already sits well
chorales,BWV_0632.gp5,Guitar IV,Guitar I,89,61.0,2.8,10,41-74,left as it is - already sits well
chorales,BWV_0632.gp5,Bass,Bass,99,36.2,1.8,5,28-48,left as it is - already sits well
chorales,BWV_0633.gp5,Guitar I,Guitar I,83,65.0,5.5,12,49-76,left as it is - already sits well
chorales,BWV_0633.gp5,Guitar II,Guitar II,88,64.6,2.8,10,50-74,left as it is - already sits well
chorales,BWV_0633.gp5,Guitar III,Guitar III,94,62.1,1.9,6,50-69,left as it is - already sits well
chorales,BWV_0633.gp5,Guitar IV,Guitar IV,73,58.4,1.8,5,52-69,left as it is - already sits well
chorales,BWV_0633.gp5,Bass,Bass,82,38.9,1.9,6,28-49,left as it is - already sits well
chorales,BWV_0634.gp5,Guitar I,Guitar I,81,67.5,3.8,12,59-76,left as it is - already sits well
chorales,BWV_0634.gp5,Guitar II,Guitar II,85,65.6,3.7,12,56-76,left as it is - already sits well
chorales,BWV_0634.gp5,Guitar III,Guitar IV,83,56.1,1.8,4,52-64,left as it is - already sits well
chorales,BWV_0634.gp5,Guitar IV,Guitar III,79,63.1,2.9,10,52-74,left as it is - already sits well
chorales,BWV_0634.gp5,Bass,Bass,80,37.7,1.8,6,28-49,left as it is - already sits well
chorales,BWV_0635.gp5,Guitar I,Guitar I,85,64.9,3.6,10,55-74,left as it is - already sits well
chorales,BWV_0635.gp5,Guitar II,Guitar II,225,63.5,2.2,8,50-72,left as it is - already sits well
chorales,BWV_0635.gp5,Guitar III,Guitar III,174,56.0,1.5,6,46-70,left as it is - already sits well
chorales,BWV_0635.gp5,Bass,Bass,167,46.4,5.4,12,36-55,left as it is - already sits well
chorales,BWV_0636.gp5,Guitar I,Guitar I,59,69.2,5.6,13,57-77,left as it is - nothing lower fits without falling off the neck
chorales,BWV_0636.gp5,Guitar II,Guitar II,111,62.6,2.0,6,45-70,left as it is - nothing lower fits without falling off the neck
chorales,BWV_0636.gp5,Guitar III,Guitar III,117,55.9,1.8,4,45-67,left as it is - nothing lower fits without falling off the neck
chorales,BWV_0636.gp5,Bass,Bass,101,47.2,6.0,12,38-55,left as it is - nothing lower fits without falling off the neck
chorales,BWV_0637.gp5,Guitar I,Guitar II,176,64.0,2.1,7,54-71,left as it is - already sits well
chorales,BWV_0637.gp5,Guitar II,Guitar I,65,68.9,5.7,12,62-76,left as it is - already sits well
chorales,BWV_0637.gp5,Guitar III,Guitar IV,144,55.7,1.5,4,47-65,left as it is - already sits well
chorales,BWV_0637.gp5,Guitar IV,Guitar III,61,56.2,1.7,4,47-63,left as it is - already sits well
chorales,BWV_0637.gp5,Bass,Bass,75,37.0,2.1,6,28-48,left as it is - already sits well
chorales,BWV_0638.gp5,Guitar I,Guitar I,74,67.9,4.8,12,57-76,left as it is - already sits well
chorales,BWV_0638.gp5,Guitar II,Guitar III,135,62.8,2.2,7,52-71,left as it is - already sits well
chorales,BWV_0638.gp5,Guitar III,Guitar IV,168,56.1,1.5,4,49-67,left as it is - already sits well
chorales,BWV_0638.gp5,Guitar IV,Guitar II,20,63.8,1.8,4,61-68,left as it is - already sits well
chorales,BWV_0638.gp5,Bass,Bass,104,47.0,6.3,12,38-55,left as it is - already sits well
chorales,BWV_0638a.gp5,Guitar I,Guitar I,71,68.0,4.8,10,61-74,left as it is - already sits well
chorales,BWV_0638a.gp5,Guitar II,Guitar III,173,56.5,1.6,4,49-67,left as it is - already sits well
chorales,BWV_0638a.gp5,Guitar III,Guitar II,140,62.8,2.0,7,54-71,left as it is - already sits well
chorales,BWV_0638a.gp5,Bass,Bass,104,47.0,6.3,12,38-55,left as it is - already sits well
chorales,BWV_0639.gp5,Guitar I,Guitar I,132,69.9,6.1,13,63-77,left as it is - nothing lower fits without falling off the neck
chorales,BWV_0639.gp5,Guitar II,Guitar II,281,61.6,2.1,6,51-70,left as it is - nothing lower fits without falling off the neck
chorales,BWV_0639.gp5,Bass,Bass,161,37.7,2.6,6,28-48,left as it is - nothing lower fits without falling off the neck
chorales,BWV_0639_Neumeister.gp5,Guitar I,Guitar I,107,70.4,6.5,13,63-77,left as it is - nothing lower fits without falling off the neck
chorales,BWV_0639_Neumeister.gp5,Guitar II,Guitar II,287,61.7,2.1,8,51-72,left as it is - nothing lower fits without falling off the neck
chorales,BWV_0639_Neumeister.gp5,Bass,Bass,143,37.8,2.6,6,28-48,left as it is - nothing lower fits without falling off the neck
chorales,BWV_0640.gp5,Guitar I,Guitar I,62,64.4,2.0,8,59-71,left as it is - already sits well
chorales,BWV_0640.gp5,Guitar II,Guitar IV,91,57.1,1.3,4,47-67,left as it is - already sits well
chorales,BWV_0640.gp5,Guitar III,Guitar III,60,59.0,3.5,12,47-76,left as it is - already sits well
chorales,BWV_0640.gp5,Guitar IV,Guitar II,50,59.3,2.7,10,47-74,left as it is - already sits well
chorales,BWV_0640.gp5,Bass,Bass,78,36.4,1.9,4,28-47,left as it is - already sits well
chorales,BWV_0641.gp5,Guitar I,Guitar I,196,69.9,6.5,17,62-81,left as it is - nothing lower fits without falling off the neck
chorales,BWV_0641.gp5,Guitar II,Guitar II,63,63.5,2.1,5,55-69,left as it is - nothing lower fits without falling off the neck
chorales,BWV_0641.gp5,Guitar III,Guitar III,64,57.1,1.5,4,48-64,left as it is - nothing lower fits without falling off the neck
chorales,BWV_0641.gp5,Bass,Bass,62,46.6,4.9,12,38-55,left as it is - nothing lower fits without falling off the neck
chorales,BWV_0642.gp5,Guitar I,Guitar I,56,69.6,5.6,12,64-76,left as it is - already sits well
chorales,BWV_0642.gp5,Guitar II,Guitar II,233,62.9,1.8,8,56-72,left as it is - already sits well
chorales,BWV_0642.gp5,Guitar III,Guitar III,268,55.7,1.6,6,45-69,left as it is - already sits well
chorales,BWV_0642.gp5,Bass,Bass,120,47.7,7.4,12,36-55,left as it is - already sits well
chorales,BWV_0643.gp5,Guitar I,Guitar II,97,64.6,2.7,10,50-74,left as it is - already sits well
chorales,BWV_0643.gp5,Guitar II,Guitar III,135,63.0,2.2,10,55-72,left as it is - already sits well
chorales,BWV_0643.gp5,Guitar III,Guitar IV,162,55.8,1.3,4,47-66,left as it is - already sits well
chorales,BWV_0643.gp5,Guitar IV,Guitar I,33,65.9,3.1,5,57-69,left as it is - already sits well
chorales,BWV_0643.gp5,Bass,Bass,156,36.6,1.6,4,28-45,left as it is - already sits well
chorales,BWV_0644.gp5,Guitar I,Guitar II,86,64.7,3.8,8,55-72,left as it is - already sits well
chorales,BWV_0644.gp5,Guitar II,Guitar IV,103,57.4,2.3,10,43-74,left as it is - already sits well
chorales,BWV_0644.gp5,Guitar III,Guitar III,79,63.5,3.6,10,48-74,left as it is - already sits well
chorales,BWV_0644.gp5,Guitar IV,Guitar I,49,66.1,5.0,11,50-75,left as it is - already sits well
chorales,BWV_0644.gp5,Bass,Bass,57,47.1,7.1,12,36-55,left as it is - already sits well
chorales,BWV_0645.gp5,Guitar I,Guitar I,727,64.2,3.7,13,55-77,left as it is - nothing lower fits without falling off the neck
chorales,BWV_0645.gp5,Guitar II,Guitar II,166,57.7,2.0,4,51-67,left as it is - nothing lower fits without falling off the neck
chorales,BWV_0645.gp5,Bass,Bass,379,46.2,5.0,12,36-55,left as it is - nothing lower fits without falling off the neck
chorales,BWV_0646.gp5,Guitar I,Guitar II,399,67.3,4.9,12,55-76,left as it is - already sits well
chorales,BWV_0646.gp5,Guitar II,Guitar I,45,68.8,4.8,10,64-74,left as it is - already sits well
chorales,BWV_0646.gp5,Bass,Bass,336,41.6,2.6,9,28-52,left as it is - already sits well
chorales,BWV_0647.gp5,Guitar I,Guitar I,360,72.7,9.3,15,65-79,left as it is - nothing lower fits without falling off the neck
chorales,BWV_0647.gp5,Guitar II,Guitar II,351,66.0,3.7,10,58-74,left as it is - nothing lower fits without falling off the neck
chorales,BWV_0647.gp5,Guitar III,Guitar III,58,60.2,1.7,5,55-67,left as it is - nothing lower fits without falling off the neck
chorales,BWV_0647.gp5,Bass,Bass,445,38.9,1.9,6,29-49,left as it is - nothing lower fits without falling off the neck
chorales,BWV_0648.gp5,Guitar I,Guitar II,108,63.7,2.6,8,52-72,left as it is - already sits well
chorales,BWV_0648.gp5,Guitar II,Guitar I,104,64.5,3.3,8,52-72,left as it is - already sits well
chorales,BWV_0648.gp5,Guitar III,Guitar III,74,63.1,3.2,10,53-74,left as it is - already sits well
chorales,BWV_0648.gp5,Bass,Bass,157,39.6,2.1,7,28-50,left as it is - already sits well
chorales,BWV_0649.gp5,Guitar I,Guitar II,525,59.1,2.6,8,43-72,left as it is - nothing lower fits without falling off the neck
chorales,BWV_0649.gp5,Guitar II,Guitar I,40,71.9,7.9,13,67-77,left as it is - nothing lower fits without falling off the neck
chorales,BWV_0649.gp5,Bass,Bass,177,41.0,2.1,8,29-50,left as it is - nothing lower fits without falling off the neck
chorales,BWV_0650.gp5,Guitar I,Guitar II,507,62.5,5.0,20,40-83,left as it is - nothing lower fits without falling off the neck
chorales,BWV_0650.gp5,Guitar II,Guitar III,542,62.1,5.4,19,40-83,left as it is - nothing lower fits without falling off the neck
chorales,BWV_0650.gp5,Guitar III,Guitar I,468,70.0,9.0,20,47-84,left as it is - nothing lower fits without falling off the neck
chorales,BWV_0650.gp5,Bass,Bass,60,52.0,10.3,12,36-55,left as it is - nothing lower fits without falling off the neck
chorales,BWV_0651.gp5,Guitar I,Guitar I,858,67.1,4.7,17,48-81,left as it is - it would need a wider stretch than the original
chorales,BWV_0651.gp5,Guitar II,Guitar II,790,65.9,6.2,18,48-82,left as it is - it would need a wider stretch than the original
chorales,BWV_0651.gp5,Guitar III,Guitar III,780,63.5,4.0,20,47-84,left as it is - it would need a wider stretch than the original
chorales,BWV_0651.gp5,Guitar IV,Guitar IV,560,63.2,5.6,18,43-82,left as it is - it would need a wider stretch than the original
chorales,BWV_0651.gp5,Bass,Bass,134,43.5,2.7,7,36-50,left as it is - it would need a wider stretch than the original
chorales,BWV_0651a.gp5,Guitar I,Guitar I,398,68.2,5.6,18,48-81,left as it is - it would need a wider stretch than the original
chorales,BWV_0651a.gp5,Guitar II,Guitar III,333,64.2,4.3,18,48-82,left as it is - it would need a wider stretch than the original
chorales,BWV_0651a.gp5,Guitar III,Guitar IV,332,63.0,3.7,20,48-84,left as it is - it would need a wider stretch than the original
chorales,BWV_0651a.gp5,Guitar IV,Guitar II,247,65.7,7.0,18,48-82,left as it is - it would need a wider stretch than the original
chorales,BWV_0651a.gp5,Bass,Bass,70,43.4,2.8,7,36-50,left as it is - it would need a wider stretch than the original
chorales,BWV_0652.gp5,Guitar I,Guitar I,803,63.9,3.6,15,48-79,left as it is - nothing lower fits without falling off the neck
chorales,BWV_0652.gp5,Guitar II,Guitar III,754,62.0,2.7,14,47-78,left as it is - nothing lower fits without falling off the neck
chorales,BWV_0652.gp5,Guitar III,Guitar II,498,62.7,2.6,12,50-76,left as it is - nothing lower fits without falling off the neck
chorales,BWV_0652.gp5,Guitar IV,Guitar IV,112,60.9,2.7,13,50-77,left as it is - nothing lower fits without falling off the neck
chorales,BWV_0652.gp5,Bass,Bass,450,39.7,2.1,12,28-55,left as it is - nothing lower fits without falling off the neck
chorales,BWV_0652a.gp5,Guitar I,Guitar I,836,64.7,3.8,15,49-78,left as it is - nothing lower fits without falling off the neck
chorales,BWV_0652a.gp5,Guitar II,Guitar IV,744,61.3,2.6,15,47-79,left as it is - nothing lower fits without falling off the neck
chorales,BWV_0652a.gp5,Guitar III,Guitar II,523,64.2,3.7,15,50-79,left as it is - nothing lower fits without falling off the neck
chorales,BWV_0652a.gp5,Guitar IV,Guitar III,99,63.0,2.9,15,50-79,left as it is - nothing lower fits without falling off the neck
chorales,BWV_0652a.gp5,Bass,Bass,418,38.3,1.9,12,28-55,left as it is - nothing lower fits without falling off the neck
chorales,BWV_0653.gp5,Guitar I,Guitar I,333,70.5,7.1,17,43-81,left as it is - nothing lower fits without falling off the neck
chorales,BWV_0653.gp5,Guitar II,Guitar IV,304,65.6,4.9,19,43-83,left as it is - nothing lower fits without falling off the neck
chorales,BWV_0653.gp5,Guitar III,Guitar II,214,66.7,4.6,15,50-79,left as it is - nothing lower fits without falling off the neck
chorales,BWV_0653.gp5,Guitar IV,Guitar III,39,66.6,4.3,12,57-76,left as it is - nothing lower fits without falling off the neck
chorales,BWV_0653.gp5,Bass,Bass,265,37.3,1.6,5,28-48,left as it is - nothing lower fits without falling off the neck
chorales,BWV_0653a.gp5,Guitar I,Guitar I,297,70.7,7.7,19,55-83,left as it is - nothing lower fits without falling off the neck
chorales,BWV_0653a.gp5,Guitar II,Guitar II,291,67.6,5.3,15,43-79,left as it is - nothing lower fits without falling off the neck
chorales,BWV_0653a.gp5,Guitar III,Guitar III,144,62.7,2.7,14,50-78,left as it is - nothing lower fits without falling off the neck
chorales,BWV_0653a.gp5,Bass,Bass,219,37.6,1.7,8,28-51,left as it is - nothing lower fits without falling off the neck
chorales,BWV_0653b.gp5,Guitar I,Guitar I,257,70.2,7.2,19,50-83,left as it is - nothing lower fits without falling off the neck
chorales,BWV_0653b.gp5,Guitar II,Guitar III,267,69.6,6.6,17,47-81,left as it is - nothing lower fits without falling off the neck
chorales,BWV_0653b.gp5,Guitar III,Guitar IV,192,60.9,3.1,10,48-74,left as it is - nothing lower fits without falling off the neck
chorales,BWV_0653b.gp5,Guitar IV,Guitar II,137,70.2,7.0,14,55-78,left as it is - nothing lower fits without falling off the neck
chorales,BWV_0653b.gp5,Bass,Bass,338,40.9,2.2,10,28-52,left as it is - nothing lower fits without falling off the neck
chorales,BWV_0654.gp5,Guitar I,Guitar IV,545,62.4,2.8,9,50-72,left as it is - nothing lower fits without falling off the neck
chorales,BWV_0654.gp5,Guitar II,Guitar III,538,62.4,3.0,13,48-77,left as it is - nothing lower fits without falling off the neck
chorales,BWV_0654.gp5,Guitar III,Guitar I,348,63.5,3.7,15,51-79,left as it is - nothing lower fits without falling off the neck
chorales,BWV_0654.gp5,Guitar IV,Guitar II,81,62.5,3.0,9,51-73,left as it is - nothing lower fits without falling off the neck
chorales,BWV_0654.gp5,Bass,Bass,399,39.3,2.8,12,28-55,left as it is - nothing lower fits without falling off the neck
chorales,BWV_0655.gp5,Guitar I,Guitar I,691,72.8,9.6,20,55-84,whole piece -2 semitones
chorales,BWV_0655.gp5,Guitar II,Guitar II,681,71.6,8.6,20,54-84,whole piece -2 semitones
chorales,BWV_0655.gp5,Guitar III,Guitar III,345,70.2,7.1,19,57-83,whole piece -2 semitones
chorales,BWV_0655.gp5,Bass,Bass,324,41.2,2.7,12,28-55,"whole piece -2 semitones, drop D"
chorales,BWV_0655_1.gp5,Guitar I,Guitar I,381,74.9,11.5,21,62-84,whole piece -3 semitones
chorales,BWV_0655_1.gp5,Guitar II,Guitar II,332,69.6,6.7,20,55-84,whole piece -3 semitones
chorales,BWV_0655_1.gp5,Bass,Bass,95,44.8,3.3,12,36-55,whole piece -3 semitones
chorales,BWV_0655_3.gp5,Guitar I,Guitar I,245,73.7,11.5,20,60-84,whole piece -1 semitones
chorales,BWV_0655_3.gp5,Guitar II,Guitar II,221,62.0,3.2,10,48-74,whole piece -1 semitones
chorales,BWV_0655_3.gp5,Guitar III,Guitar III,7,60.3,1.9,3,53-65,whole piece -1 semitones
chorales,BWV_0655_3.gp5,Bass,Bass,40,44.8,2.8,7,41-50,whole piece -1 semitones
chorales,BWV_0655_4.gp5,Guitar I,Guitar I,468,72.6,10.1,20,55-84,down an octave
chorales,BWV_0655_4.gp5,Guitar II,Guitar II,419,66.3,4.4,17,50-81,"down an octave, drop D"
chorales,BWV_0655_4.gp5,Bass,Bass,40,44.8,2.8,7,41-50,down an octave
chorales,BWV_0655a.gp5,Guitar I,Guitar II,248,68.5,7.1,20,45-84,whole piece -3 semitones
chorales,BWV_0655a.gp5,Guitar II,Guitar III,247,66.4,6.7,20,43-84,whole piece -3 semitones
chorales,BWV_0655a.gp5,Guitar III,Guitar IV,157,65.1,6.1,19,48-83,whole piece -3 semitones
chorales,BWV_0655a.gp5,Guitar IV,Guitar I,41,73.5,10.5,19,52-83,whole piece -3 semitones
chorales,BWV_0655a.gp5,Bass,Bass,75,44.8,3.1,9,36-52,whole piece -3 semitones
chorales,BWV_0655b.gp5,Guitar I,Guitar III,272,71.2,7.7,15,57-79,whole piece -3 semitones
chorales,BWV_0655b.gp5,Guitar II,Guitar I,252,74.0,11.3,21,55-84,whole piece -3 semitones
chorales,BWV_0655b.gp5,Guitar III,Guitar II,195,71.8,8.4,20,57-83,whole piece -3 semitones
chorales,BWV_0655b.gp5,Bass,Bass,132,41.6,3.0,12,31-55,whole piece -3 semitones
chorales,BWV_0655c.gp5,Guitar I,Guitar I,701,73.6,10.2,20,55-84,whole piece -2 semitones
chorales,BWV_0655c.gp5,Guitar II,Guitar II,658,70.7,7.5,20,54-84,whole piece -2 semitones
chorales,BWV_0655c.gp5,Guitar III,Guitar III,340,70.3,7.3,19,57-83,whole piece -2 semitones
chorales,BWV_0655c.gp5,Bass,Bass,323,41.1,2.6,12,28-55,"whole piece -2 semitones, drop D"
chorales,BWV_0656.gp5,Guitar I,Guitar I,920,64.8,5.1,19,45-83,left as it is - nothing lower fits without falling off the neck
chorales,BWV_0656.gp5,Guitar II,Guitar III,950,62.0,4.5,19,40-83,left as it is - nothing lower fits without falling off the neck
chorales,BWV_0656.gp5,Guitar III,Guitar II,796,62.6,4.7,19,40-83,left as it is - nothing lower fits without falling off the neck
chorales,BWV_0656.gp5,Guitar IV,Guitar IV,350,60.7,3.6,14,40-78,left as it is - nothing lower fits without falling off the neck
chorales,BWV_0656.gp5,Bass,Bass,141,48.4,6.1,12,40-54,left as it is - nothing lower fits without falling off the neck
chorales,BWV_0656a.gp5,Guitar I,Guitar I,836,65.0,5.1,17,45-81,left as it is - nothing lower fits without falling off the neck
chorales,BWV_0656a.gp5,Guitar II,Guitar II,772,63.4,4.9,17,40-81,left as it is - nothing lower fits without falling off the neck
chorales,BWV_0656a.gp5,Guitar III,Guitar IV,759,61.8,4.6,20,40-84,left as it is - nothing lower fits without falling off the neck
chorales,BWV_0656a.gp5,Guitar IV,Guitar III,362,62.4,4.2,19,40-83,left as it is - nothing lower fits without falling off the neck
chorales,BWV_0656a.gp5,Bass,Bass,100,47.9,5.4,12,40-54,left as it is - nothing lower fits without falling off the neck
chorales,BWV_0657.gp5,Guitar I,Guitar I,431,63.5,2.4,12,50-76,left as it is - already sits well
chorales,BWV_0657.gp5,Guitar II,Guitar III,390,60.6,1.9,12,50-76,left as it is - already sits well
chorales,BWV_0657.gp5,Guitar III,Guitar II,271,63.2,2.9,12,48-76,left as it is - already sits well
chorales,BWV_0657.gp5,Guitar IV,Guitar IV,79,59.9,1.5,8,54-72,left as it is - already sits well
chorales,BWV_0657.gp5,Bass,Bass,431,38.9,1.9,7,28-50,left as it is - already sits well
chorales,BWV_0658.gp5,Guitar I,Guitar I,295,68.0,6.5,20,48-84,left as it is - nothing lower fits without falling off the neck
chorales,BWV_0658.gp5,Guitar II,Guitar IV,354,61.0,4.0,16,40-80,left as it is - nothing lower fits without falling off the neck
chorales,BWV_0658.gp5,Guitar III,Guitar III,388,62.0,5.2,20,40-84,left as it is - nothing lower fits without falling off the neck
chorales,BWV_0658.gp5,Guitar IV,Guitar II,225,62.2,5.2,15,40-79,left as it is - nothing lower fits without falling off the neck
chorales,BWV_0658.gp5,Bass,Bass,77,42.1,1.9,5,36-48,left as it is - nothing lower fits without falling off the neck
chorales,BWV_0658a.gp5,Guitar I,Guitar II,318,62.6,3.6,11,40-74,left as it is - nothing lower fits without falling off the neck
chorales,BWV_0658a.gp5,Guitar II,Guitar III,315,62.0,4.6,16,40-80,left as it is - nothing lower fits without falling off the neck
chorales,BWV_0658a.gp5,Guitar III,Guitar IV,361,60.3,4.9,21,40-84,left as it is - nothing lower fits without falling off the neck
chorales,BWV_0658a.gp5,Guitar IV,Guitar I,210,63.4,5.1,15,41-79,left as it is - nothing lower fits without falling off the neck
chorales,BWV_0658a.gp5,Bass,Bass,57,42.2,1.8,5,36-48,left as it is - nothing lower fits without falling off the neck
chorales,BWV_0659.gp5,Guitar I,Guitar III,251,64.8,4.9,18,53-82,left as it is - nothing lower fits without falling off the neck
chorales,BWV_0659.gp5,Guitar II,Guitar IV,191,61.5,2.5,8,54-72,left as it is - nothing lower fits without falling off the neck
chorales,BWV_0659.gp5,Guitar III,Guitar I,240,68.4,6.2,20,50-84,left as it is - nothing lower fits without falling off the neck
chorales,BWV_0659.gp5,Guitar IV,Guitar II,125,67.1,5.9,15,48-79,left as it is - nothing lower fits without falling off the neck
chorales,BWV_0659.gp5,Bass,Bass,241,47.7,6.1,12,36-55,left as it is - nothing lower fits without falling off the neck
chorales,BWV_0659a.gp5,Guitar I,Guitar IV,218,60.2,2.1,6,53-67,left as it is - nothing lower fits without falling off the neck
chorales,BWV_0659a.gp5,Guitar II,Guitar III,243,65.5,4.6,20,53-84,left as it is - nothing lower fits without falling off the neck
chorales,BWV_0659a.gp5,Guitar III,Guitar I,238,69.8,7.7,20,48-84,left as it is - nothing lower fits without falling off the neck
chorales,BWV_0659a.gp5,Guitar IV,Guitar II,79,66.5,5.2,13,50-77,left as it is - nothing lower fits without falling off the neck
chorales,BWV_0659a.gp5,Bass,Bass,241,47.7,6.0,12,36-55,left as it is - nothing lower fits without falling off the neck
chorales,BWV_0660.gp5,Guitar I,Guitar IV,366,58.3,2.8,11,41-75,whole piece -1 semitones
chorales,BWV_0660.gp5,Guitar II,Guitar III,204,59.6,3.1,15,42-79,whole piece -1 semitones
chorales,BWV_0660.gp5,Guitar III,Guitar II,90,72.7,10.5,22,57-86,whole piece -1 semitones
chorales,BWV_0660.gp5,Guitar IV,Guitar I,21,74.1,11.6,20,62-84,whole piece -1 semitones
chorales,BWV_0660.gp5,Bass,Bass,410,39.3,1.8,8,29-50,whole piece -1 semitones
chorales,BWV_0660a.gp5,Guitar I,Guitar IV,373,58.9,2.9,11,41-75,whole piece -1 semitones
chorales,BWV_0660a.gp5,Guitar II,Guitar III,223,59.6,3.3,11,43-75,whole piece -1 semitones
chorales,BWV_0660a.gp5,Guitar III,Guitar II,107,74.0,12.0,20,50-84,whole piece -1 semitones
chorales,BWV_0660a.gp5,Guitar IV,Guitar I,24,79.2,16.1,22,55-86,whole piece -1 semitones
chorales,BWV_0660a.gp5,Bass,Bass,411,39.3,1.8,8,29-50,whole piece -1 semitones
chorales,BWV_0660b.gp5,Guitar I,Guitar II,297,65.1,4.8,13,43-77,left as it is - nothing lower fits without falling off the neck
chorales,BWV_0660b.gp5,Guitar II,Guitar I,301,65.9,5.5,22,48-86,left as it is - nothing lower fits without falling off the neck
chorales,BWV_0660b.gp5,Guitar III,Guitar III,238,59.1,4.0,16,41-79,left as it is - nothing lower fits without falling off the neck
chorales,BWV_0660b.gp5,Guitar IV,Guitar IV,83,56.9,2.5,10,41-74,left as it is - nothing lower fits without falling off the neck
chorales,BWV_0660b.gp5,Bass,Bass,37,44.8,2.2,8,42-50,left as it is - nothing lower fits without falling off the neck
chorales,BWV_0661.gp5,Guitar I,Guitar II,461,64.4,5.0,17,45-81,left as it is - nothing lower fits without falling off the neck
chorales,BWV_0661.gp5,Guitar II,Guitar I,518,66.6,6.2,20,42-84,left as it is - nothing lower fits without falling off the neck
chorales,BWV_0661.gp5,Guitar III,Guitar III,345,59.9,3.6,17,40-81,left as it is - nothing lower fits without falling off the neck
chorales,BWV_0661.gp5,Bass,Bass,48,44.6,2.2,8,42-50,left as it is - nothing lower fits without falling off the neck
chorales,BWV_0661a.gp5,Guitar I,Guitar III,470,63.5,3.5,11,45-75,whole piece -3 semitones
chorales,BWV_0661a.gp5,Guitar II,Guitar I,449,73.1,10.6,20,57-84,whole piece -3 semitones
chorales,BWV_0661a.gp5,Guitar III,Guitar II,396,69.3,7.6,22,50-86,whole piece -3 semitones
chorales,BWV_0661a.gp5,Bass,Bass,41,44.8,2.4,8,42-50,whole piece -3 semitones
chorales,BWV_0662.gp5,Guitar I,Guitar III,515,66.4,3.9,17,56-81,left as it is - nothing lower fits without falling off the neck
chorales,BWV_0662.gp5,Guitar II,Guitar IV,467,63.7,4.0,14,49-78,left as it is - nothing lower fits without falling off the neck
chorales,BWV_0662.gp5,Guitar III,Guitar II,432,66.8,4.2,14,54-78,left as it is - nothing lower fits without falling off the neck
chorales,BWV_0662.gp5,Guitar IV,Guitar I,185,67.3,5.3,14,52-78,left as it is - nothing lower fits without falling off the neck
chorales,BWV_0662.gp5,Bass,Bass,306,37.9,2.0,6,28-49,left as it is - nothing lower fits without falling off the neck
chorales,BWV_0663.gp5,Guitar I,Guitar IV,811,65.0,4.3,19,50-83,left as it is - nothing lower fits without falling off the neck
chorales,BWV_0663.gp5,Guitar II,Guitar I,743,67.7,6.0,20,47-84,left as it is - nothing lower fits without falling off the neck
chorales,BWV_0663.gp5,Guitar III,Guitar II,488,66.9,5.3,15,50-79,left as it is - nothing lower fits without falling off the neck
chorales,BWV_0663.gp5,Guitar IV,Guitar III,127,65.3,4.3,17,50-81,left as it is - nothing lower fits without falling off the neck
chorales,BWV_0663.gp5,Bass,Bass,374,39.4,2.3,12,28-55,left as it is - nothing lower fits without falling off the neck
chorales,BWV_0663a.gp5,Guitar I,Guitar II,768,66.5,5.3,20,50-83,left as it is - nothing lower fits without falling off the neck
chorales,BWV_0663a.gp5,Guitar II,Guitar I,796,66.7,5.2,20,45-84,left as it is - nothing lower fits without falling off the neck
chorales,BWV_0663a.gp5,Guitar III,Guitar IV,476,65.8,5.0,15,50-79,left as it is - nothing lower fits without falling off the neck
chorales,BWV_0663a.gp5,Guitar IV,Guitar III,113,66.0,4.3,12,52-76,left as it is - nothing lower fits without falling off the neck
chorales,BWV_0663a.gp5,Bass,Bass,373,39.4,2.3,12,28-55,left as it is - nothing lower fits without falling off the neck
chorales,BWV_0664.gp5,Guitar I,Guitar I,822,72.3,8.8,20,61-84,whole piece -2 semitones
chorales,BWV_0664.gp5,Guitar II,Guitar II,850,70.0,7.2,19,50-83,whole piece -2 semitones
chorales,BWV_0664.gp5,Guitar III,Guitar III,502,67.8,5.9,15,50-79,whole piece -2 semitones
chorales,BWV_0664.gp5,Guitar IV,Guitar IV,126,66.9,4.6,17,50-81,whole piece -2 semitones
chorales,BWV_0664.gp5,Bass,Bass,447,40.8,2.9,12,28-55,"whole piece -2 semitones, drop D"
chorales,BWV_0664a.gp5,Guitar I,Guitar I,750,72.0,8.5,20,50-84,whole piece -2 semitones
chorales,BWV_0664a.gp5,Guitar II,Guitar II,773,70.6,7.7,19,50-83,whole piece -2 semitones
chorales,BWV_0664a.gp5,Guitar III,Guitar III,482,67.2,5.3,19,52-83,whole piece -2 semitones
chorales,BWV_0664a.gp5,Guitar IV,Guitar IV,145,66.8,3.9,17,50-81,whole piece -2 semitones
chorales,BWV_0664a.gp5,Bass,Bass,435,42.9,3.7,12,28-55,"whole piece -2 semitones, drop D"
chorales,BWV_0664b.gp5,Guitar I,Guitar I,1055,72.3,9.8,21,50-85,whole piece -2 semitones
chorales,BWV_0664b.gp5,Guitar II,Guitar II,989,67.7,6.0,18,50-82,whole piece -2 semitones
chorales,BWV_0664b.gp5,Bass,Bass,438,42.3,3.6,12,28-55,"whole piece -2 semitones, drop D"
chorales,BWV_0664c.gp5,Guitar I,Guitar I,461,72.6,9.5,20,52-84,whole piece -2 semitones
chorales,BWV_0664c.gp5,Guitar II,Guitar II,448,69.7,7.4,18,53-82,whole piece -2 semitones
chorales,BWV_0664c.gp5,Bass,Bass,186,38.9,1.9,7,28-50,"whole piece -2 semitones, drop D"
chorales,BWV_0665.gp5,Guitar I,Guitar II,415,59.6,2.4,15,45-79,left as it is - nothing lower fits without falling off the neck
chorales,BWV_0665.gp5,Guitar II,Guitar I,347,61.4,3.0,15,40-79,left as it is - nothing lower fits without falling off the neck
chorales,BWV_0665.gp5,Guitar III,Guitar IV,334,54.8,2.2,15,40-79,left as it is - nothing lower fits without falling off the neck
chorales,BWV_0665.gp5,Guitar IV,Guitar III,302,55.6,2.2,12,40-76,left as it is - nothing lower fits without falling off the neck
chorales,BWV_0665.gp5,Bass,Bass,111,44.1,4.3,12,28-55,left as it is - nothing lower fits without falling off the neck
chorales,BWV_0665a.gp5,Guitar I,Guitar II,432,59.5,2.4,17,40-81,left as it is - nothing lower fits without falling off the neck
chorales,BWV_0665a.gp5,Guitar II,Guitar I,379,62.5,2.5,15,40-79,left as it is - nothing lower fits without falling off the neck
chorales,BWV_0665a.gp5,Guitar III,Guitar IV,363,55.3,2.2,12,40-76,left as it is - nothing lower fits without falling off the neck
chorales,BWV_0665a.gp5,Guitar IV,Guitar III,253,56.0,3.1,17,40-81,left as it is - nothing lower fits without falling off the neck
chorales,BWV_0665a.gp5,Bass,Bass,64,44.1,2.6,9,40-52,left as it is - nothing lower fits without falling off the neck
chorales,BWV_0666.gp5,Guitar I,Guitar III,364,59.6,2.7,15,44-79,left as it is - nothing lower fits without falling off the neck
chorales,BWV_0666.gp5,Guitar II,Guitar II,282,59.8,3.5,19,40-83,left as it is - nothing lower fits without falling off the neck
chorales,BWV_0666.gp5,Guitar III,Guitar IV,254,54.2,1.9,12,40-76,left as it is - nothing lower fits without falling off the neck
chorales,BWV_0666.gp5,Guitar IV,Guitar I,219,61.0,2.6,13,40-77,left as it is - nothing lower fits without falling off the neck
chorales,BWV_0666.gp5,Bass,Bass,73,42.8,3.6,12,28-55,left as it is - nothing lower fits without falling off the neck
chorales,BWV_0666a.gp5,Guitar I,Guitar I,320,60.7,2.9,15,40-79,left as it is - nothing lower fits without falling off the neck
chorales,BWV_0666a.gp5,Guitar II,Guitar III,300,59.8,2.7,17,40-81,left as it is - nothing lower fits without falling off the neck
chorales,BWV_0666a.gp5,Guitar III,Guitar IV,261,55.5,1.6,7,40-71,left as it is - nothing lower fits without falling off the neck
chorales,BWV_0666a.gp5,Guitar IV,Guitar II,240,59.9,3.5,17,40-81,left as it is - nothing lower fits without falling off the neck
chorales,BWV_0666a.gp5,Bass,Bass,70,44.9,4.3,11,28-54,left as it is - nothing lower fits without falling off the neck
chorales,BWV_0667.gp5,Guitar I,Guitar I,261,66.3,4.4,15,48-79,left as it is - nothing lower fits without falling off the neck
chorales,BWV_0667.gp5,Guitar II,Guitar II,267,65.2,4.6,17,43-81,left as it is - nothing lower fits without falling off the neck
chorales,BWV_0667.gp5,Guitar III,Guitar III,317,64.1,3.8,20,52-82,left as it is - nothing lower fits without falling off the neck
chorales,BWV_0667.gp5,Guitar IV,Guitar IV,168,62.0,4.6,20,48-84,left as it is - nothing lower fits without falling off the neck
chorales,BWV_0667.gp5,Bass,Bass,98,47.6,5.4,12,36-55,left as it is - nothing lower fits without falling off the neck
chorales,BWV_0667a.gp5,Guitar I,Guitar II,296,64.7,2.7,15,50-79,left as it is - nothing lower fits without falling off the neck
chorales,BWV_0667a.gp5,Guitar II,Guitar I,283,65.8,5.8,20,43-84,left as it is - nothing lower fits without falling off the neck
chorales,BWV_0667a.gp5,Guitar III,Guitar IV,282,63.2,4.5,17,47-81,left as it is - nothing lower fits without falling off the neck
chorales,BWV_0667a.gp5,Guitar IV,Guitar III,131,64.7,5.0,15,48-79,left as it is - nothing lower fits without falling off the neck
chorales,BWV_0667a.gp5,Bass,Bass,98,47.5,5.3,12,36-55,left as it is - nothing lower fits without falling off the neck
chorales,BWV_0667b.gp5,Guitar I,Guitar III,298,64.6,2.7,15,50-79,left as it is - nothing lower fits without falling off the neck
chorales,BWV_0667b.gp5,Guitar II,Guitar II,268,64.7,4.9,20,43-84,left as it is - nothing lower fits without falling off the neck
chorales,BWV_0667b.gp5,Guitar III,Guitar IV,296,64.1,5.1,18,47-82,left as it is - nothing lower fits without falling off the neck
chorales,BWV_0667b.gp5,Guitar IV,Guitar I,133,65.3,5.3,15,48-79,left as it is - nothing lower fits without falling off the neck
chorales,BWV_0667b.gp5,Bass,Bass,98,47.5,5.3,12,36-55,left as it is - nothing lower fits without falling off the neck
chorales,BWV_0668.gp5,Guitar I,Guitar III,152,59.1,1.8,6,50-69,left as it is - nothing lower fits without falling off the neck
chorales,BWV_0668.gp5,Guitar II,Guitar II,152,62.1,1.8,7,52-71,left as it is - nothing lower fits without falling off the neck
chorales,BWV_0668.gp5,Guitar III,Guitar I,61,76.7,12.7,20,64-84,left as it is - nothing lower fits without falling off the neck
chorales,BWV_0668.gp5,Bass,Bass,121,48.6,6.5,12,38-55,left as it is - nothing lower fits without falling off the neck
chorales,BWV_0668a.gp5,Guitar I,Guitar III,262,60.5,1.6,7,50-71,left as it is - already sits well
chorales,BWV_0668a.gp5,Guitar II,Guitar II,261,61.4,2.0,8,47-72,left as it is - already sits well
chorales,BWV_0668a.gp5,Guitar III,Guitar I,112,62.4,3.6,10,51-74,left as it is - already sits well
chorales,BWV_0668a.gp5,Guitar IV,Guitar IV,34,59.4,1.3,8,52-72,left as it is - already sits well
chorales,BWV_0668a.gp5,Bass,Bass,234,47.9,5.8,12,38-55,left as it is - already sits well
chorales,BWV_0669.gp5,Guitar I,Guitar III,221,62.8,3.0,11,51-74,left as it is - already sits well
chorales,BWV_0669.gp5,Guitar II,Guitar II,217,62.9,2.7,10,50-74,left as it is - already sits well
chorales,BWV_0669.gp5,Guitar III,Guitar I,92,66.4,4.8,11,53-75,left as it is - already sits well
chorales,BWV_0669.gp5,Guitar IV,Guitar IV,19,60.9,2.6,8,54-72,left as it is - already sits well
chorales,BWV_0669.gp5,Bass,Bass,240,38.7,1.9,6,29-48,left as it is - already sits well
chorales,BWV_0670.gp5,Guitar I,Guitar I,394,72.2,9.1,20,57-84,left as it is - nothing lower fits without falling off the neck
chorales,BWV_0670.gp5,Guitar II,Guitar III,328,67.0,5.4,20,53-84,left as it is - nothing lower fits without falling off the neck
chorales,BWV_0670.gp5,Guitar III,Guitar II,182,67.1,5.2,16,53-80,left as it is - nothing lower fits without falling off the neck
chorales,BWV_0670.gp5,Bass,Bass,355,38.8,1.6,6,28-48,left as it is - nothing lower fits without falling off the neck
chorales,BWV_0671.gp5,Guitar I,Guitar II,419,67.1,5.7,20,53-84,whole piece -3 semitones
chorales,BWV_0671.gp5,Guitar II,Guitar I,406,69.6,8.7,20,46-84,whole piece -3 semitones
chorales,BWV_0671.gp5,Guitar III,Guitar III,368,65.7,5.3,17,48-81,whole piece -3 semitones
chorales,BWV_0671.gp5,Guitar IV,Guitar IV,319,64.1,4.9,18,48-82,whole piece -3 semitones
chorales,BWV_0671.gp5,Bass,Bass,60,47.2,4.6,10,41-53,whole piece -3 semitones
chorales,BWV_0672.gp5,Guitar I,Guitar I,103,69.0,5.4,15,62-79,left as it is - nothing lower fits without falling off the neck
chorales,BWV_0672.gp5,Guitar II,Guitar III,107,51.7,1.5,4,43-62,left as it is - nothing lower fits without falling off the neck
chorales,BWV_0672.gp5,Guitar III,Guitar II,107,64.8,3.5,15,54-79,left as it is - nothing lower fits without falling off the neck
chorales,BWV_0672.gp5,Bass,Bass,106,44.0,4.1,12,28-55,left as it is - nothing lower fits without falling off the neck
chorales,BWV_0673.gp5,Guitar I,Guitar I,131,70.9,7.7,18,52-82,left as it is - nothing lower fits without falling off the neck
chorales,BWV_0673.gp5,Guitar II,Guitar II,137,62.2,3.3,15,50-79,left as it is - nothing lower fits without falling off the neck
chorales,BWV_0673.gp5,Guitar III,Guitar III,128,58.5,3.3,15,43-79,left as it is - nothing lower fits without falling off the neck
chorales,BWV_0673.gp5,Bass,Bass,114,45.1,3.7,10,28-53,left as it is - nothing lower fits without falling off the neck
chorales,BWV_0674.gp5,Guitar I,Guitar I,153,72.5,9.0,18,59-82,left as it is - nothing lower fits without falling off the neck
chorales,BWV_0674.gp5,Guitar II,Guitar III,162,58.0,3.0,13,45-77,left as it is - nothing lower fits without falling off the neck
chorales,BWV_0674.gp5,Guitar III,Guitar II,139,61.1,1.6,7,50-71,left as it is - nothing lower fits without falling off the neck
chorales,BWV_0674.gp5,Bass,Bass,114,45.2,3.6,12,38-55,left as it is - nothing lower fits without falling off the neck
chorales,BWV_0675.gp5,Guitar I,Guitar I,500,65.5,5.8,20,41-84,left as it is - nothing lower fits without falling off the neck
chorales,BWV_0675.gp5,Guitar II,Guitar II,462,64.5,6.8,18,40-82,left as it is - nothing lower fits without falling off the neck
chorales,BWV_0675.gp5,Guitar III,Guitar III,345,62.1,3.9,15,40-79,left as it is - nothing lower fits without falling off the neck
chorales,BWV_0675.gp5,Bass,Bass,153,43.2,4.1,12,28-55,left as it is - nothing lower fits without falling off the neck
chorales,BWV_0676.gp5,Guitar I,Guitar II,1048,66.9,5.2,20,51-84,whole piece -2 semitones
chorales,BWV_0676.gp5,Guitar II,Guitar I,921,70.2,7.4,20,52-84,whole piece -2 semitones
chorales,BWV_0676.gp5,Bass,Bass,545,39.3,2.1,10,28-50,"whole piece -2 semitones, drop D"
chorales,BWV_0676a.gp5,Guitar I,Guitar III,424,61.0,2.2,12,44-76,left as it is - nothing lower fits without falling off the neck
chorales,BWV_0676a.gp5,Guitar II,Guitar II,276,64.3,3.7,17,52-81,left as it is - nothing lower fits without falling off the neck
chorales,BWV_0676a.gp5,Guitar III,Guitar I,22,65.9,1.9,3,64-67,left as it is - nothing lower fits without falling off the neck
chorales,BWV_0676a.gp5,Bass,Bass,163,43.5,2.5,7,36-50,left as it is - nothing lower fits without falling off the neck
chorales,BWV_0677.gp5,Guitar I,Guitar I,187,67.8,5.7,17,40-81,left as it is - nothing lower fits without falling off the neck
chorales,BWV_0677.gp5,Guitar II,Guitar II,171,60.3,4.7,19,42-83,left as it is - nothing lower fits without falling off the neck
chorales,BWV_0677.gp5,Bass,Bass,123,44.3,4.0,11,28-54,left as it is - nothing lower fits without falling off the neck
chorales,BWV_0678.gp5,Guitar I,Guitar I,548,68.8,5.8,20,43-84,left as it is - nothing lower fits without falling off the neck
chorales,BWV_0678.gp5,Guitar II,Guitar III,424,61.6,4.1,19,40-83,left as it is - nothing lower fits without falling off the neck
chorales,BWV_0678.gp5,Guitar III,Guitar IV,426,61.3,4.1,17,40-81,left as it is - nothing lower fits without falling off the neck
chorales,BWV_0678.gp5,Guitar IV,Guitar II,344,65.1,5.1,19,43-83,left as it is - nothing lower fits without falling off the neck
chorales,BWV_0678.gp5,Bass,Bass,119,45.1,5.5,12,28-55,left as it is - nothing lower fits without falling off the neck
chorales,BWV_0679.gp5,Guitar I,Guitar II,304,62.9,3.8,20,47-84,left as it is - nothing lower fits without falling off the neck
chorales,BWV_0679.gp5,Guitar II,Guitar III,332,61.9,3.1,15,40-79,left as it is - nothing lower fits without falling off the neck
chorales,BWV_0679.gp5,Guitar III,Guitar I,229,68.9,7.3,19,45-83,left as it is - nothing lower fits without falling off the neck
chorales,BWV_0679.gp5,Bass,Bass,176,45.4,5.0,12,28-55,left as it is - nothing lower fits without falling off the neck
chorales,BWV_0680.gp5,Guitar I,Guitar II,403,68.1,6.0,18,50-82,left as it is - nothing lower fits without falling off the neck
chorales,BWV_0680.gp5,Guitar II,Guitar I,377,68.1,5.7,17,53-81,left as it is - nothing lower fits without falling off the neck
chorales,BWV_0680.gp5,Guitar III,Guitar III,365,67.3,7.6,20,40-84,left as it is - nothing lower fits without falling off the neck
chorales,BWV_0680.gp5,Guitar IV,Guitar IV,153,60.9,2.8,10,48-74,left as it is - nothing lower fits without falling off the neck
chorales,BWV_0680.gp5,Bass,Bass,169,39.9,1.9,7,29-50,left as it is - nothing lower fits without falling off the neck
chorales,BWV_0681.gp5,Guitar I,Guitar IV,128,56.6,2.3,9,47-73,left as it is - nothing lower fits without falling off the neck
chorales,BWV_0681.gp5,Guitar II,Guitar II,126,65.9,3.7,14,57-78,left as it is - nothing lower fits without falling off the neck
chorales,BWV_0681.gp5,Guitar III,Guitar I,99,66.1,6.4,17,43-81,left as it is - nothing lower fits without falling off the neck
chorales,BWV_0681.gp5,Guitar IV,Guitar III,61,58.2,3.2,13,40-76,left as it is - nothing lower fits without falling off the neck
chorales,BWV_0681.gp5,Bass,Bass,23,45.2,6.1,11,32-54,left as it is - nothing lower fits without falling off the neck
chorales,BWV_0682.gp5,Guitar I,Guitar II,632,67.9,5.1,20,55-84,whole piece -2 semitones
chorales,BWV_0682.gp5,Guitar II,Guitar I,742,69.3,6.8,20,50-84,whole piece -2 semitones
chorales,BWV_0682.gp5,Guitar III,Guitar IV,411,66.3,5.1,20,51-84,whole piece -2 semitones
chorales,BWV_0682.gp5,Guitar IV,Guitar III,245,67.7,6.0,17,52-81,whole piece -2 semitones
chorales,BWV_0682.gp5,Bass,Bass,520,38.8,2.0,8,28-50,"whole piece -2 semitones, drop D"
chorales,BWV_0683.gp5,Guitar I,Guitar II,122,68.8,7.2,22,40-86,left as it is - nothing lower fits without falling off the neck
chorales,BWV_0683.gp5,Guitar II,Guitar IV,98,62.7,4.1,13,40-77,left as it is - nothing lower fits without falling off the neck
chorales,BWV_0683.gp5,Guitar III,Guitar III,148,65.6,5.1,20,48-84,left as it is - nothing lower fits without falling off the neck
chorales,BWV_0683.gp5,Guitar IV,Guitar I,110,71.8,9.6,22,50-86,left as it is - nothing lower fits without falling off the neck
chorales,BWV_0683a.gp5,Guitar I,Guitar I,180,64.4,4.5,15,40-79,left as it is - nothing lower fits without falling off the neck
chorales,BWV_0683a.gp5,Guitar II,Guitar III,218,57.2,2.4,12,40-76,left as it is - nothing lower fits without falling off the neck
chorales,BWV_0683a.gp5,Guitar III,Guitar II,222,57.9,2.1,10,43-74,left as it is - nothing lower fits without falling off the neck
chorales,BWV_0683a.gp5,Guitar IV,Guitar IV,176,53.5,1.9,12,40-76,left as it is - nothing lower fits without falling off the neck
chorales,BWV_0683a.gp5,Bass,Bass,50,38.9,2.8,12,29-55,left as it is - nothing lower fits without falling off the neck
chorales,BWV_0684.gp5,Guitar I,Guitar I,604,66.5,6.8,20,40-84,left as it is - nothing lower fits without falling off the neck
chorales,BWV_0684.gp5,Guitar II,Guitar IV,542,61.4,3.4,17,43-81,left as it is - nothing lower fits without falling off the neck
chorales,BWV_0684.gp5,Guitar III,Guitar III,624,61.5,4.2,18,41-82,left as it is - nothing lower fits without falling off the neck
chorales,BWV_0684.gp5,Guitar IV,Guitar II,463,62.0,5.4,17,41-81,left as it is - nothing lower fits without falling off the neck
chorales,BWV_0684.gp5,Bass,Bass,161,45.1,4.2,12,32-55,left as it is - nothing lower fits without falling off the neck
chorales,BWV_0684a.gp5,Guitar I,Guitar IV,680,56.3,1.8,17,40-81,left as it is - nothing lower fits without falling off the neck
chorales,BWV_0684a.gp5,Guitar II,Guitar I,461,68.0,7.6,20,40-84,left as it is - nothing lower fits without falling off the neck
chorales,BWV_0684a.gp5,Guitar III,Guitar II,351,63.8,6.7,20,40-84,left as it is - nothing lower fits without falling off the neck
chorales,BWV_0684a.gp5,Guitar IV,Guitar III,251,61.2,6.2,19,40-81,left as it is - nothing lower fits without falling off the neck
chorales,BWV_0684a.gp5,Bass,Bass,85,43.0,3.9,12,28-55,left as it is - nothing lower fits without falling off the neck
chorales,BWV_0685.gp5,Guitar I,Guitar I,150,66.5,6.3,17,40-81,left as it is - nothing lower fits without falling off the neck
chorales,BWV_0685.gp5,Guitar II,Guitar II,180,54.8,1.6,6,40-70,left as it is - nothing lower fits without falling off the neck
chorales,BWV_0685.gp5,Bass,Bass,139,43.1,3.8,12,32-55,left as it is - nothing lower fits without falling off the neck
chorales,BWV_0686.gp5,Guitar I,Guitar I,473,64.9,5.4,20,40-84,left as it is - nothing lower fits without falling off the neck
chorales,BWV_0686.gp5,Guitar II,Guitar III,409,61.4,4.3,16,40-79,left as it is - nothing lower fits without falling off the neck
chorales,BWV_0686.gp5,Guitar III,Guitar IV,393,59.5,2.8,17,40-81,left as it is - nothing lower fits without falling off the neck
chorales,BWV_0686.gp5,Guitar IV,Guitar II,339,63.8,4.9,20,40-84,left as it is - nothing lower fits without falling off the neck
chorales,BWV_0686.gp5,Bass,Bass,232,40.1,2.9,12,28-55,left as it is - nothing lower fits without falling off the neck
chorales,BWV_0687.gp5,Guitar I,Guitar I,414,62.1,2.4,10,42-74,left as it is - nothing lower fits without falling off the neck
chorales,BWV_0687.gp5,Guitar II,Guitar IV,350,55.9,2.4,12,42-76,left as it is - nothing lower fits without falling off the neck
chorales,BWV_0687.gp5,Guitar III,Guitar III,306,58.0,4.0,14,40-78,left as it is - nothing lower fits without falling off the neck
chorales,BWV_0687.gp5,Guitar IV,Guitar II,252,61.9,2.7,12,40-76,left as it is - nothing lower fits without falling off the neck
chorales,BWV_0687.gp5,Bass,Bass,137,41.9,4.1,12,28-55,left as it is - nothing lower fits without falling off the neck
chorales,BWV_0688.gp5,Guitar I,Guitar I,712,65.5,5.2,20,40-84,"whole piece -2 semitones, drop D"
chorales,BWV_0688.gp5,Guitar II,Guitar IV,666,61.9,4.9,20,40-84,"whole piece -2 semitones, drop D"
chorales,BWV_0688.gp5,Guitar III,Guitar II,545,64.2,4.9,18,45-82,whole piece -2 semitones
chorales,BWV_0688.gp5,Guitar IV,Guitar III,338,63.5,5.6,20,45-84,whole piece -2 semitones
chorales,BWV_0688.gp5,Bass,Bass,60,41.1,1.6,7,38-50,whole piece -2 semitones
chorales,BWV_0689.gp5,Guitar I,Guitar IV,261,56.2,1.6,4,46-66,left as it is - nothing lower fits without falling off the neck
chorales,BWV_0689.gp5,Guitar II,Guitar III,365,64.5,3.3,11,55-75,left as it is - nothing lower fits without falling off the neck
chorales,BWV_0689.gp5,Guitar III,Guitar I,343,71.5,8.2,20,64-84,left as it is - nothing lower fits without falling off the neck
chorales,BWV_0689.gp5,Guitar IV,Guitar II,28,69.1,5.9,9,61-73,left as it is - nothing lower fits without falling off the neck
chorales,BWV_0689.gp5,Bass,Bass,294,37.2,2.2,6,29-48,left as it is - nothing lower fits without falling off the neck
chorales,BWV_0690.gp5,Guitar I,Guitar II,307,63.3,3.1,12,40-76,left as it is - nothing lower fits without falling off the neck
chorales,BWV_0690.gp5,Guitar II,Guitar I,249,65.7,5.7,17,40-81,left as it is - nothing lower fits without falling off the neck
chorales,BWV_0690.gp5,Guitar III,Guitar IV,238,56.0,1.9,8,40-72,left as it is - nothing lower fits without falling off the neck
chorales,BWV_0690.gp5,Guitar IV,Guitar III,191,56.5,1.8,8,41-72,left as it is - nothing lower fits without falling off the neck
chorales,BWV_0690.gp5,Bass,Bass,88,40.1,3.0,10,28-53,left as it is - nothing lower fits without falling off the neck
chorales,BWV_0691.gp5,Guitar I,Guitar I,111,67.2,5.6,17,48-81,left as it is - nothing lower fits without falling off the neck
chorales,BWV_0691.gp5,Guitar II,Guitar II,97,63.8,3.6,10,44-74,left as it is - nothing lower fits without falling off the neck
chorales,BWV_0691.gp5,Guitar III,Guitar III,67,55.2,2.0,10,45-74,left as it is - nothing lower fits without falling off the neck
chorales,BWV_0691.gp5,Bass,Bass,70,42.2,3.1,9,28-52,left as it is - nothing lower fits without falling off the neck
chorales,BWV_0691a.gp5,Guitar I,Guitar I,274,66.6,5.2,17,45-81,left as it is - nothing lower fits without falling off the neck
chorales,BWV_0691a.gp5,Guitar II,Guitar III,249,62.7,5.2,20,40-84,left as it is - nothing lower fits without falling off the neck
chorales,BWV_0691a.gp5,Guitar III,Guitar IV,194,60.8,4.0,19,40-83,left as it is - nothing lower fits without falling off the neck
chorales,BWV_0691a.gp5,Guitar IV,Guitar II,126,63.9,4.5,20,48-84,left as it is - nothing lower fits without falling off the neck
chorales,BWV_0691a.gp5,Bass,Bass,26,44.0,3.7,7,28-50,left as it is - nothing lower fits without falling off the neck
chorales,BWV_0692.gp5,Guitar I,Guitar II,135,54.8,1.3,4,43-60,left as it is - already sits well
chorales,BWV_0692.gp5,Guitar II,Guitar I,153,58.3,2.5,10,41-74,left as it is - already sits well
chorales,BWV_0692.gp5,Bass,Bass,124,46.8,4.9,10,31-53,left as it is - already sits well
chorales,BWV_0692a.gp5,Guitar I,Guitar III,147,54.9,1.3,4,43-62,left as it is - nothing lower fits without falling off the neck
chorales,BWV_0692a.gp5,Guitar II,Guitar II,175,57.5,2.4,12,41-76,left as it is - nothing lower fits without falling off the neck
chorales,BWV_0692a.gp5,Guitar III,Guitar I,128,69.3,7.2,13,43-77,left as it is - nothing lower fits without falling off the neck
chorales,BWV_0693.gp5,Guitar I,Guitar III,146,60.1,1.4,8,48-72,left as it is - already sits well
chorales,BWV_0693.gp5,Guitar II,Guitar II,138,65.1,3.2,12,55-76,left as it is - already sits well
chorales,BWV_0693.gp5,Guitar III,Guitar I,77,65.2,4.0,15,52-76,left as it is - already sits well
chorales,BWV_0693.gp5,Bass,Bass,114,37.9,1.9,5,31-48,left as it is - already sits well
chorales,BWV_0694.gp5,Guitar I,Guitar II,749,60.1,2.5,10,41-74,"whole piece -3 semitones, drop D"
chorales,BWV_0694.gp5,Guitar II,Guitar I,801,73.7,11.0,20,58-84,whole piece -3 semitones
chorales,BWV_0694.gp5,Bass,Bass,62,47.2,4.2,10,43-53,whole piece -3 semitones
chorales,BWV_0695.gp5,Guitar I,Guitar I,617,69.9,7.8,20,41-84,left as it is - nothing lower fits without falling off the neck
chorales,BWV_0695.gp5,Guitar II,Guitar II,592,68.8,7.7,20,40-84,left as it is - nothing lower fits without falling off the neck
chorales,BWV_0695.gp5,Guitar III,Guitar III,411,58.3,2.9,15,40-79,left as it is - nothing lower fits without falling off the neck
chorales,BWV_0695.gp5,Bass,Bass,177,48.6,6.5,12,38-55,left as it is - nothing lower fits without falling off the neck
chorales,BWV_0695a.gp5,Guitar I,Guitar I,541,68.0,8.0,20,49-84,whole piece -1 semitones
chorales,BWV_0695a.gp5,Guitar II,Guitar II,506,64.1,5.3,20,43-84,whole piece -1 semitones
chorales,BWV_0695a.gp5,Guitar III,Guitar III,272,55.9,3.9,18,40-82,"whole piece -1 semitones, drop D"
chorales,BWV_0695a.gp5,Bass,Bass,123,42.5,3.9,12,29-55,whole piece -1 semitones
chorales,BWV_0696.gp5,Guitar I,Guitar III,97,55.8,1.7,5,47-69,left as it is - nothing lower fits without falling off the neck
chorales,BWV_0696.gp5,Guitar II,Guitar I,87,68.5,6.3,17,50-81,left as it is - nothing lower fits without falling off the neck
chorales,BWV_0696.gp5,Guitar III,Guitar II,77,65.8,7.1,17,50-81,left as it is - nothing lower fits without falling off the neck
chorales,BWV_0696.gp5,Bass,Bass,50,39.3,2.7,9,28-52,left as it is - nothing lower fits without falling off the neck
chorales,BWV_0697.gp5,Guitar I,Guitar III,105,55.6,1.6,4,43-67,left as it is - nothing lower fits without falling off the neck
chorales,BWV_0697.gp5,Guitar II,Guitar I,109,65.9,4.1,15,52-79,left as it is - nothing lower fits without falling off the neck
chorales,BWV_0697.gp5,Guitar III,Guitar II,106,64.3,6.2,19,41-83,left as it is - nothing lower fits without falling off the neck
chorales,BWV_0697.gp5,Bass,Bass,77,41.6,1.9,11,33-54,left as it is - nothing lower fits without falling off the neck
chorales,BWV_0698.gp5,Guitar I,Guitar II,128,64.1,4.2,17,43-81,left as it is - nothing lower fits without falling off the neck
chorales,BWV_0698.gp5,Guitar II,Guitar IV,118,58.1,2.3,14,40-78,left as it is - nothing lower fits without falling off the neck
chorales,BWV_0698.gp5,Guitar III,Guitar I,97,66.3,5.8,20,42-84,left as it is - nothing lower fits without falling off the neck
chorales,BWV_0698.gp5,Guitar IV,Guitar III,58,62.8,4.7,12,43-76,left as it is - nothing lower fits without falling off the neck
chorales,BWV_0698.gp5,Bass,Bass,14,42.3,3.2,8,28-51,left as it is - nothing lower fits without falling off the neck
chorales,BWV_0699.gp5,Guitar I,Guitar I,109,70.7,7.1,17,62-81,left as it is - nothing lower fits without falling off the neck
chorales,BWV_0699.gp5,Guitar II,Guitar II,96,63.5,3.0,10,55-74,left as it is - nothing lower fits without falling off the neck
chorales,BWV_0699.gp5,Bass,Bass,57,38.4,1.6,4,29-46,left as it is - nothing lower fits without falling off the neck
chorales,BWV_0699_a.gp5,Guitar I,Guitar I,109,72.7,9.0,19,64-83,left as it is - nothing lower fits without falling off the neck
chorales,BWV_0699_a.gp5,Guitar II,Guitar II,96,65.5,3.2,12,57-76,left as it is - nothing lower fits without falling off the neck
chorales,BWV_0699_a.gp5,Bass,Bass,57,40.2,2.0,5,28-48,left as it is - nothing lower fits without falling off the neck
chorales,BWV_0700.gp5,Guitar I,Guitar I,238,66.4,4.5,12,50-76,left as it is - nothing lower fits without falling off the neck
chorales,BWV_0700.gp5,Guitar II,Guitar II,270,64.7,5.3,15,43-79,left as it is - nothing lower fits without falling off the neck
chorales,BWV_0700.gp5,Guitar III,Guitar IV,214,58.7,2.5,13,43-76,left as it is - nothing lower fits without falling off the neck
chorales,BWV_0700.gp5,Guitar IV,Guitar III,146,59.4,3.1,15,43-79,left as it is - nothing lower fits without falling off the neck
chorales,BWV_0700.gp5,Bass,Bass,40,43.4,2.5,5,36-48,left as it is - nothing lower fits without falling off the neck
chorales,BWV_0701.gp5,Guitar I,Guitar II,256,58.0,2.4,19,40-83,left as it is - nothing lower fits without falling off the neck
chorales,BWV_0701.gp5,Guitar II,Guitar I,179,69.9,7.0,20,55-84,left as it is - nothing lower fits without falling off the neck
chorales,BWV_0701.gp5,Bass,Bass,201,40.6,2.1,9,31-52,left as it is - nothing lower fits without falling off the neck
chorales,BWV_0702.gp5,Guitar I,Guitar IV,145,64.6,5.2,20,51-84,left as it is - nothing lower fits without falling off the neck
chorales,BWV_0702.gp5,Guitar II,Guitar III,139,66.7,5.4,18,50-82,left as it is - nothing lower fits without falling off the neck
chorales,BWV_0702.gp5,Guitar III,Guitar II,95,67.2,6.5,18,48-82,left as it is - nothing lower fits without falling off the neck
chorales,BWV_0702.gp5,Guitar IV,Guitar I,25,67.6,5.3,14,53-78,left as it is - nothing lower fits without falling off the neck
chorales,BWV_0702.gp5,Bass,Bass,112,47.1,5.4,12,38-55,left as it is - nothing lower fits without falling off the neck
chorales,BWV_0703.gp5,Guitar I,Guitar II,146,69.2,5.8,13,60-77,left as it is - nothing lower fits without falling off the neck
chorales,BWV_0703.gp5,Guitar II,Guitar III,117,65.7,6.0,17,46-81,left as it is - nothing lower fits without falling off the neck
chorales,BWV_0703.gp5,Guitar III,Guitar I,55,71.1,10.3,20,45-84,left as it is - nothing lower fits without falling off the neck
chorales,BWV_0705.gp5,Guitar I,Guitar III,190,56.3,1.7,5,49-69,left as it is - already sits well
chorales,BWV_0705.gp5,Guitar II,Guitar II,133,62.0,2.3,8,45-72,left as it is - already sits well
chorales,BWV_0705.gp5,Guitar III,Guitar I,72,67.3,5.0,12,50-76,left as it is - already sits well
chorales,BWV_0705.gp5,Bass,Bass,162,48.9,7.1,12,38-55,left as it is - already sits well
chorales,BWV_0706.gp5,Guitar I,Guitar I,117,66.1,4.0,12,50-76,left as it is - already sits well
chorales,BWV_0706.gp5,Guitar II,Guitar II,115,63.8,4.1,12,45-76,left as it is - already sits well
chorales,BWV_0706.gp5,Guitar III,Guitar III,139,60.4,1.7,5,54-69,left as it is - already sits well
chorales,BWV_0706.gp5,Guitar IV,Guitar IV,117,51.6,2.0,7,41-71,left as it is - already sits well
chorales,BWV_0706.gp5,Bass,Bass,38,42.0,3.9,9,33-52,left as it is - already sits well
chorales,BWV_0707.gp5,Guitar I,Guitar I,506,67.9,5.7,17,45-81,left as it is - nothing lower fits without falling off the neck
chorales,BWV_0707.gp5,Guitar II,Guitar IV,478,58.3,2.7,17,43-81,left as it is - nothing lower fits without falling off the neck
chorales,BWV_0707.gp5,Guitar III,Guitar II,354,61.5,2.5,13,47-77,left as it is - nothing lower fits without falling off the neck
chorales,BWV_0707.gp5,Guitar IV,Guitar III,111,60.9,1.8,10,50-74,left as it is - nothing lower fits without falling off the neck
chorales,BWV_0707.gp5,Bass,Bass,109,47.5,5.7,10,40-53,left as it is - nothing lower fits without falling off the neck
chorales,BWV_0708.gp5,Guitar I,Guitar I,46,69.1,5.1,10,64-74,left as it is - already sits well
chorales,BWV_0708.gp5,Guitar II,Guitar II,52,62.7,1.4,4,59-66,left as it is - already sits well
chorales,BWV_0708.gp5,Guitar III,Guitar III,47,51.1,1.1,4,45-59,left as it is - already sits well
chorales,BWV_0708.gp5,Bass,Bass,55,43.2,3.0,7,36-50,left as it is - already sits well
chorales,BWV_0708a.gp5,Guitar I,Guitar I,38,69.2,5.2,10,66-74,left as it is - already sits well
chorales,BWV_0708a.gp5,Guitar II,Guitar II,45,63.5,1.4,5,60-69,left as it is - already sits well
chorales,BWV_0708a.gp5,Guitar III,Guitar III,45,50.2,1.7,4,43-55,left as it is - already sits well
chorales,BWV_0708a.gp5,Bass,Bass,38,46.3,3.6,7,41-50,left as it is - already sits well
chorales,BWV_0709.gp5,Guitar I,Guitar II,171,64.9,2.8,12,52-76,left as it is - nothing lower fits without falling off the neck
chorales,BWV_0709.gp5,Guitar II,Guitar I,207,66.9,5.5,17,50-81,left as it is - nothing lower fits without falling off the neck
chorales,BWV_0709.gp5,Guitar III,Guitar III,175,63.5,2.8,12,55-76,left as it is - nothing lower fits without falling off the neck
chorales,BWV_0709.gp5,Guitar IV,Guitar IV,10,62.8,3.5,8,52-72,left as it is - nothing lower fits without falling off the neck
chorales,BWV_0709.gp5,Bass,Bass,147,39.1,1.9,4,30-47,left as it is - nothing lower fits without falling off the neck
chorales,BWV_0710.gp5,Guitar I,Guitar III,298,66.9,5.5,18,49-82,whole piece -3 semitones
chorales,BWV_0710.gp5,Guitar II,Guitar I,308,72.8,9.6,20,55-84,whole piece -3 semitones
chorales,BWV_0710.gp5,Guitar III,Guitar II,144,71.3,8.1,17,57-81,whole piece -3 semitones
chorales,BWV_0710.gp5,Bass,Bass,66,46.3,3.3,7,43-50,whole piece -3 semitones
chorales,BWV_0711.gp5,Guitar I,Guitar II,867,67.1,5.8,22,48-86,left as it is - nothing lower fits without falling off the neck
chorales,BWV_0711.gp5,Guitar II,Guitar I,93,69.7,5.7,10,64-74,left as it is - nothing lower fits without falling off the neck
chorales,BWV_0712.gp5,Guitar I,Guitar III,255,59.5,3.5,16,40-80,left as it is - nothing lower fits without falling off the neck
chorales,BWV_0712.gp5,Guitar II,Guitar I,286,61.5,3.5,14,40-78,left as it is - nothing lower fits without falling off the neck
chorales,BWV_0712.gp5,Guitar III,Guitar II,228,61.2,3.5,12,44-76,left as it is - nothing lower fits without falling off the neck
chorales,BWV_0712.gp5,Bass,Bass,164,43.7,3.5,11,30-54,left as it is - nothing lower fits without falling off the neck
chorales,BWV_0713.gp5,Guitar I,Guitar II,1178,64.4,4.9,20,40-84,left as it is - nothing lower fits without falling off the neck
chorales,BWV_0713.gp5,Guitar II,Guitar III,1246,59.1,3.5,22,40-84,left as it is - nothing lower fits without falling off the neck
chorales,BWV_0713.gp5,Guitar III,Guitar I,1054,65.8,5.8,19,40-83,left as it is - nothing lower fits without falling off the neck
chorales,BWV_0713.gp5,Bass,Bass,539,41.3,3.2,12,28-55,left as it is - nothing lower fits without falling off the neck
chorales,BWV_0713a.gp5,Guitar I,Guitar III,1235,54.9,1.9,22,40-86,left as it is - nothing lower fits without falling off the neck
chorales,BWV_0713a.gp5,Guitar II,Guitar I,1235,66.4,5.8,18,40-82,left as it is - nothing lower fits without falling off the neck
chorales,BWV_0713a.gp5,Guitar III,Guitar II,1020,63.5,4.0,18,41-82,left as it is - nothing lower fits without falling off the neck
chorales,BWV_0713a.gp5,Bass,Bass,538,43.0,3.6,12,28-55,left as it is - nothing lower fits without falling off the neck
chorales,BWV_0714.gp5,Guitar I,Guitar I,42,69.6,5.7,10,65-74,left as it is - already sits well
chorales,BWV_0714.gp5,Guitar II,Guitar II,81,62.9,2.1,7,53-70,left as it is - already sits well
chorales,BWV_0714.gp5,Guitar III,Guitar III,48,57.6,1.8,4,52-62,left as it is - already sits well
chorales,BWV_0714.gp5,Bass,Bass,79,37.7,2.2,4,30-47,left as it is - already sits well
chorales,BWV_0714_Neumeister.gp5,Guitar I,Guitar I,169,71.6,8.0,19,64-83,left as it is - nothing lower fits without falling off the neck
chorales,BWV_0714_Neumeister.gp5,Guitar II,Guitar II,221,64.0,2.6,9,56-73,left as it is - nothing lower fits without falling off the neck
chorales,BWV_0714_Neumeister.gp5,Guitar III,Guitar III,188,58.3,1.8,6,52-66,left as it is - nothing lower fits without falling off the neck
chorales,BWV_0714_Neumeister.gp5,Bass,Bass,204,35.7,2.1,4,28-47,left as it is - nothing lower fits without falling off the neck
chorales,BWV_0715.gp5,Guitar I,Guitar I,149,67.7,4.8,10,51-74,left as it is - nothing lower fits without falling off the neck
chorales,BWV_0715.gp5,Guitar II,Guitar III,99,63.2,2.4,7,40-71,left as it is - nothing lower fits without falling off the neck
chorales,BWV_0715.gp5,Guitar III,Guitar IV,147,58.1,1.8,5,40-69,left as it is - nothing lower fits without falling off the neck
chorales,BWV_0715.gp5,Guitar IV,Guitar II,122,63.7,4.0,18,48-81,left as it is - nothing lower fits without falling off the neck
chorales,BWV_0716.gp5,Guitar I,Guitar II,327,66.6,4.8,20,52-84,left as it is - nothing lower fits without falling off the neck
chorales,BWV_0716.gp5,Guitar II,Guitar I,264,70.2,7.7,19,50-83,left as it is - nothing lower fits without falling off the neck
chorales,BWV_0716.gp5,Guitar III,Guitar III,142,54.3,2.4,14,40-78,left as it is - nothing lower fits without falling off the neck
chorales,BWV_0716.gp5,Bass,Bass,38,46.4,5.3,12,33-55,left as it is - nothing lower fits without falling off the neck
chorales,BWV_0717.gp5,Guitar I,Guitar II,513,61.1,2.6,17,48-81,whole piece -2 semitones
chorales,BWV_0717.gp5,Guitar II,Guitar I,412,67.7,6.8,22,50-86,whole piece -2 semitones
chorales,BWV_0717.gp5,Bass,Bass,377,41.4,3.0,12,28-55,"whole piece -2 semitones, drop D"
chorales,BWV_0718.gp5,Guitar I,Guitar II,570,60.8,4.4,19,40-83,left as it is - nothing lower fits without falling off the neck
chorales,BWV_0718.gp5,Guitar II,Guitar I,555,64.4,5.3,20,40-83,left as it is - nothing lower fits without falling off the neck
chorales,BWV_0718.gp5,Guitar III,Guitar III,500,59.2,4.1,19,40-83,left as it is - nothing lower fits without falling off the neck
chorales,BWV_0718.gp5,Bass,Bass,231,40.8,3.2,12,28-55,left as it is - nothing lower fits without falling off the neck
chorales,BWV_0719.gp5,Guitar I,Guitar III,179,56.4,1.5,5,43-69,left as it is - nothing lower fits without falling off the neck
chorales,BWV_0719.gp5,Guitar II,Guitar II,180,64.7,2.9,15,57-79,left as it is - nothing lower fits without falling off the neck
chorales,BWV_0719.gp5,Guitar III,Guitar I,136,70.5,7.1,15,62-79,left as it is - nothing lower fits without falling off the neck
chorales,BWV_0719.gp5,Bass,Bass,86,38.5,2.3,11,28-54,left as it is - nothing lower fits without falling off the neck
chorales,BWV_0720.gp5,Guitar I,Guitar III,623,61.4,3.9,21,40-83,left as it is - nothing lower fits without falling off the neck
chorales,BWV_0720.gp5,Guitar II,Guitar I,601,71.6,8.4,20,57-83,left as it is - nothing lower fits without falling off the neck
chorales,BWV_0720.gp5,Guitar III,Guitar II,28,65.4,3.3,10,61-74,left as it is - nothing lower fits without falling off the neck
chorales,BWV_0720.gp5,Bass,Bass,82,39.3,1.9,7,28-50,left as it is - nothing lower fits without falling off the neck
chorales,BWV_0721.gp5,Guitar I,Guitar I,356,62.7,1.8,5,54-69,left as it is - already sits well
chorales,BWV_0721.gp5,Guitar II,Guitar II,166,61.8,3.3,10,50-74,left as it is - already sits well
chorales,BWV_0721.gp5,Guitar III,Guitar IV,305,57.3,1.9,10,50-74,left as it is - already sits well
chorales,BWV_0721.gp5,Guitar IV,Guitar III,97,57.8,1.8,10,52-74,left as it is - already sits well
chorales,BWV_0721.gp5,Bass,Bass,358,37.2,1.9,4,28-45,left as it is - already sits well
chorales,BWV_0722.gp5,Guitar I,Guitar II,87,64.6,4.8,13,43-76,left as it is - nothing lower fits without falling off the neck
chorales,BWV_0722.gp5,Guitar II,Guitar III,65,62.3,2.0,5,55-69,left as it is - nothing lower fits without falling off the neck
chorales,BWV_0722.gp5,Guitar III,Guitar IV,66,60.7,1.3,5,50-69,left as it is - nothing lower fits without falling off the neck
chorales,BWV_0722.gp5,Guitar IV,Guitar I,96,66.7,5.3,19,50-83,left as it is - nothing lower fits without falling off the neck
chorales,BWV_0722.gp5,Bass,Bass,50,40.5,2.3,7,31-50,left as it is - nothing lower fits without falling off the neck
chorales,BWV_0722a.gp5,Guitar,Guitar,113,65.2,5.1,12,42-76,left as it is - already sits well
chorales,BWV_0722a.gp5,Bass,Bass,90,37.9,1.8,5,31-48,left as it is - already sits well
chorales,BWV_0723.gp5,Guitar I,Guitar II,161,61.4,1.5,5,57-69,left as it is - nothing lower fits without falling off the neck
chorales,BWV_0723.gp5,Guitar II,Guitar IV,174,58.9,1.9,12,48-76,left as it is - nothing lower fits without falling off the neck
chorales,BWV_0723.gp5,Guitar III,Guitar I,68,75.5,12.5,22,64-86,left as it is - nothing lower fits without falling off the neck
chorales,BWV_0723.gp5,Guitar IV,Guitar III,28,60.1,1.4,4,54-65,left as it is - nothing lower fits without falling off the neck
chorales,BWV_0723.gp5,Bass,Bass,143,38.3,1.8,5,31-48,left as it is - nothing lower fits without falling off the neck
chorales,BWV_0724.gp5,Guitar I,Guitar IV,132,59.1,2.6,10,48-74,left as it is - nothing lower fits without falling off the neck
chorales,BWV_0724.gp5,Guitar II,Guitar III,120,60.6,1.5,7,50-71,left as it is - nothing lower fits without falling off the neck
chorales,BWV_0724.gp5,Guitar III,Guitar II,79,65.9,3.6,12,55-76,left as it is - nothing lower fits without falling off the neck
chorales,BWV_0724.gp5,Guitar IV,Guitar I,45,67.4,5.0,15,57-79,left as it is - nothing lower fits without falling off the neck
chorales,BWV_0724.gp5,Bass,Bass,93,39.6,1.9,7,28-50,left as it is - nothing lower fits without falling off the neck
chorales,BWV_0725.gp5,Guitar I,Guitar I,524,62.0,3.1,10,47-72,left as it is - already sits well
chorales,BWV_0725.gp5,Guitar II,Guitar II,694,59.8,1.7,8,43-72,left as it is - already sits well
chorales,BWV_0725.gp5,Guitar III,Guitar III,638,59.0,1.6,8,45-72,left as it is - already sits well
chorales,BWV_0725.gp5,Guitar IV,Guitar IV,626,58.0,2.0,10,45-74,left as it is - already sits well
chorales,BWV_0725.gp5,Bass,Bass,507,45.6,4.7,12,36-55,left as it is - already sits well
chorales,BWV_0726.gp5,Guitar I,Guitar II,67,66.5,5.6,12,47-76,left as it is - already sits well
chorales,BWV_0726.gp5,Guitar II,Guitar I,54,67.2,3.3,8,64-72,left as it is - already sits well
chorales,BWV_0726.gp5,Guitar III,Guitar IV,45,61.7,1.4,4,55-66,left as it is - already sits well
chorales,BWV_0726.gp5,Guitar IV,Guitar III,31,62.6,3.4,8,54-72,left as it is - already sits well
chorales,BWV_0726.gp5,Bass,Bass,51,36.1,2.1,4,28-47,left as it is - already sits well
chorales,BWV_0727.gp5,Guitar I,Guitar I,89,64.2,6.5,15,47-79,left as it is - nothing lower fits without falling off the neck
chorales,BWV_0727.gp5,Guitar II,Guitar II,107,63.2,2.6,12,52-76,left as it is - nothing lower fits without falling off the neck
chorales,BWV_0727.gp5,Guitar III,Guitar III,98,62.4,2.3,7,54-71,left as it is - nothing lower fits without falling off the neck
chorales,BWV_0727.gp5,Guitar IV,Guitar IV,18,60.6,2.2,5,49-69,left as it is - nothing lower fits without falling off the neck
chorales,BWV_0727.gp5,Bass,Bass,92,37.1,1.9,5,28-48,left as it is - nothing lower fits without falling off the neck
chorales,BWV_0728.gp5,Guitar I,Guitar I,209,68.5,5.3,13,59-77,left as it is - nothing lower fits without falling off the neck
chorales,BWV_0728.gp5,Guitar II,Guitar II,89,57.8,1.4,3,47-67,left as it is - nothing lower fits without falling off the neck
chorales,BWV_0728.gp5,Bass,Bass,90,40.7,2.1,7,28-50,left as it is - nothing lower fits without falling off the neck
chorales,BWV_0729.gp5,Guitar I,Guitar I,242,71.2,8.1,19,56-83,left as it is - nothing lower fits without falling off the neck
chorales,BWV_0729.gp5,Guitar II,Guitar II,161,67.7,4.1,14,57-78,left as it is - nothing lower fits without falling off the neck
chorales,BWV_0729.gp5,Guitar III,Guitar III,112,65.0,3.5,19,45-83,left as it is - nothing lower fits without falling off the neck
chorales,BWV_0729.gp5,Guitar IV,Guitar IV,206,56.8,2.1,10,42-74,left as it is - nothing lower fits without falling off the neck
chorales,BWV_0729.gp5,Bass,Bass,159,39.7,2.4,9,29-52,left as it is - nothing lower fits without falling off the neck
chorales,BWV_0729a.gp5,Guitar,Guitar,189,69.9,7.8,19,53-83,left as it is - nothing lower fits without falling off the neck
chorales,BWV_0729a.gp5,Bass,Bass,159,41.7,4.2,12,29-55,left as it is - nothing lower fits without falling off the neck
chorales,BWV_0730.gp5,Guitar I,Guitar I,90,66.1,3.6,10,52-74,left as it is - already sits well
chorales,BWV_0730.gp5,Guitar II,Guitar II,78,62.9,1.5,5,48-69,left as it is - already sits well
chorales,BWV_0730.gp5,Guitar III,Guitar IV,110,56.6,1.1,4,40-62,left as it is - already sits well
chorales,BWV_0730.gp5,Guitar IV,Guitar III,20,59.5,1.4,3,43-64,left as it is - already sits well
chorales,BWV_0730.gp5,Bass,Bass,56,41.9,1.8,4,36-47,left as it is - already sits well
chorales,BWV_0731.gp5,Guitar I,Guitar I,159,67.1,5.0,15,54-79,left as it is - nothing lower fits without falling off the neck
chorales,BWV_0731.gp5,Guitar II,Guitar III,130,65.0,3.0,12,55-76,left as it is - nothing lower fits without falling off the neck
chorales,BWV_0731.gp5,Guitar III,Guitar IV,108,56.9,1.2,4,52-62,left as it is - nothing lower fits without falling off the neck
chorales,BWV_0731.gp5,Guitar IV,Guitar II,108,65.9,3.6,10,54-74,left as it is - nothing lower fits without falling off the neck
chorales,BWV_0731.gp5,Bass,Bass,76,47.8,6.2,12,38-55,left as it is - nothing lower fits without falling off the neck
chorales,BWV_0732.gp5,Guitar I,Guitar I,125,64.3,3.6,11,40-75,left as it is - nothing lower fits without falling off the neck
chorales,BWV_0732.gp5,Guitar II,Guitar IV,83,58.2,2.3,9,42-73,left as it is - nothing lower fits without falling off the neck
chorales,BWV_0732.gp5,Guitar III,Guitar II,82,63.8,6.3,19,40-83,left as it is - nothing lower fits without falling off the neck
chorales,BWV_0732.gp5,Guitar IV,Guitar III,75,59.9,2.9,11,40-75,left as it is - nothing lower fits without falling off the neck
chorales,BWV_0732.gp5,Bass,Bass,82,43.6,4.0,9,32-52,left as it is - nothing lower fits without falling off the neck
chorales,BWV_0732a.gp5,Guitar,Guitar,127,66.9,4.5,11,51-75,left as it is - already sits well
chorales,BWV_0732a.gp5,Bass,Bass,72,48.0,6.4,11,42-54,left as it is - already sits well
chorales,BWV_0733.gp5,Guitar I,Guitar III,432,57.9,1.9,8,41-72,left as it is - nothing lower fits without falling off the neck
chorales,BWV_0733.gp5,Guitar II,Guitar I,470,71.4,8.4,20,57-84,left as it is - nothing lower fits without falling off the neck
chorales,BWV_0733.gp5,Guitar III,Guitar II,413,66.6,4.4,15,55-79,left as it is - nothing lower fits without falling off the neck
chorales,BWV_0733.gp5,Guitar IV,Guitar IV,476,52.3,1.6,5,40-65,left as it is - nothing lower fits without falling off the neck
chorales,BWV_0733.gp5,Bass,Bass,34,41.9,1.4,5,38-48,left as it is - nothing lower fits without falling off the neck
chorales,BWV_0734.gp5,Guitar I,Guitar I,681,69.7,7.9,22,40-86,"whole piece -2 semitones, drop D"
chorales,BWV_0734.gp5,Guitar II,Guitar II,640,66.2,4.6,20,48-84,whole piece -2 semitones
chorales,BWV_0734.gp5,Bass,Bass,162,45.8,4.0,12,33-55,whole piece -2 semitones
chorales,BWV_0734a.gp5,Guitar I,Guitar I,536,69.3,7.0,20,45-84,left as it is - nothing lower fits without falling off the neck
chorales,BWV_0734a.gp5,Guitar II,Guitar II,424,64.5,3.7,20,48-84,left as it is - nothing lower fits without falling off the neck
chorales,BWV_0734a.gp5,Guitar III,Guitar III,314,61.1,4.6,19,42-83,left as it is - nothing lower fits without falling off the neck
chorales,BWV_0734a.gp5,Bass,Bass,134,42.5,4.6,12,28-55,left as it is - nothing lower fits without falling off the neck
chorales,BWV_0735.gp5,Guitar I,Guitar I,566,68.7,6.4,20,46-84,whole piece -1 semitones
chorales,BWV_0735.gp5,Guitar II,Guitar III,562,61.8,4.0,18,41-82,whole piece -1 semitones
chorales,BWV_0735.gp5,Guitar III,Guitar II,441,67.4,7.2,20,41-84,whole piece -1 semitones
chorales,BWV_0735.gp5,Guitar IV,Guitar IV,130,54.6,2.1,13,46-77,whole piece -1 semitones
chorales,BWV_0735.gp5,Bass,Bass,69,42.2,2.5,7,34-50,whole piece -1 semitones
chorales,BWV_0735a.gp5,Guitar I,Guitar I,500,66.6,6.2,20,41-84,whole piece -1 semitones
chorales,BWV_0735a.gp5,Guitar II,Guitar III,422,64.1,5.2,18,46-82,whole piece -1 semitones
chorales,BWV_0735a.gp5,Guitar III,Guitar II,404,64.4,5.2,20,41-84,whole piece -1 semitones
chorales,BWV_0735a.gp5,Guitar IV,Guitar IV,218,60.8,4.0,20,46-84,whole piece -1 semitones
chorales,BWV_0735a.gp5,Bass,Bass,57,43.2,3.2,12,29-55,whole piece -1 semitones
chorales,BWV_0736.gp5,Guitar I,Guitar I,870,71.9,8.9,20,59-84,whole piece -2 semitones
chorales,BWV_0736.gp5,Guitar II,Guitar II,694,63.9,3.1,15,50-79,whole piece -2 semitones
chorales,BWV_0736.gp5,Guitar III,Guitar III,117,59.2,1.8,4,50-66,whole piece -2 semitones
chorales,BWV_0736.gp5,Bass,Bass,777,43.4,3.6,12,28-55,"whole piece -2 semitones, drop D"
chorales,BWV_0737.gp5,Guitar I,Guitar III,166,58.5,2.2,10,50-74,left as it is - nothing lower fits without falling off the neck
chorales,BWV_0737.gp5,Guitar II,Guitar II,135,59.6,2.2,8,49-72,left as it is - nothing lower fits without falling off the neck
chorales,BWV_0737.gp5,Guitar III,Guitar I,80,64.5,4.2,13,50-77,left as it is - nothing lower fits without falling off the neck
chorales,BWV_0737.gp5,Bass,Bass,125,47.4,5.1,12,38-55,left as it is - nothing lower fits without falling off the neck
chorales,BWV_0737_Neumeister.gp5,Guitar I,Guitar III,150,54.3,1.7,4,49-60,left as it is - nothing lower fits without falling off the neck
chorales,BWV_0737_Neumeister.gp5,Guitar II,Guitar II,168,62.3,2.3,10,53-74,left as it is - nothing lower fits without falling off the neck
chorales,BWV_0737_Neumeister.gp5,Guitar III,Guitar I,63,68.5,5.5,13,62-77,left as it is - nothing lower fits without falling off the neck
chorales,BWV_0737_Neumeister.gp5,Bass,Bass,125,47.4,5.1,12,38-55,left as it is - nothing lower fits without falling off the neck
chorales,BWV_0738.gp5,Guitar I,Guitar I,124,62.8,3.0,15,53-79,left as it is - nothing lower fits without falling off the neck
chorales,BWV_0738.gp5,Guitar II,Guitar II,112,62.1,4.0,15,47-79,left as it is - nothing lower fits without falling off the neck
chorales,BWV_0738.gp5,Guitar III,Guitar III,172,60.0,2.7,9,42-73,left as it is - nothing lower fits without falling off the neck
chorales,BWV_0738.gp5,Guitar IV,Guitar IV,81,58.5,2.2,10,47-74,left as it is - nothing lower fits without falling off the neck
chorales,BWV_0738.gp5,Bass,Bass,46,45.0,3.5,9,38-52,left as it is - nothing lower fits without falling off the neck
chorales,BWV_0738a.gp5,Guitar I,Guitar I,46,69.5,6.3,12,62-74,left as it is - already sits well
chorales,BWV_0738a.gp5,Guitar II,Guitar II,14,45.6,1.3,3,42-50,left as it is - already sits well
chorales,BWV_0738a.gp5,Bass,Bass,118,38.9,3.3,12,28-55,left as it is - already sits well
chorales,BWV_0739.gp5,Guitar I,Guitar III,633,64.6,4.7,20,43-84,whole piece -3 semitones
chorales,BWV_0739.gp5,Guitar II,Guitar I,550,69.2,7.9,20,43-84,whole piece -3 semitones
chorales,BWV_0739.gp5,Guitar III,Guitar II,430,66.2,5.5,20,43-83,whole piece -3 semitones
chorales,BWV_0739.gp5,Guitar IV,Guitar IV,264,63.7,4.5,15,45-79,whole piece -3 semitones
chorales,BWV_0739.gp5,Bass,Bass,59,47.7,4.8,12,43-55,whole piece -3 semitones
chorales,BWV_0740.gp5,Guitar I,Guitar II,292,65.6,3.6,15,41-79,left as it is - nothing lower fits without falling off the neck
chorales,BWV_0740.gp5,Guitar II,Guitar I,303,67.5,6.2,18,41-81,left as it is - nothing lower fits without falling off the neck
chorales,BWV_0740.gp5,Guitar III,Guitar III,239,65.5,5.5,13,41-77,left as it is - nothing lower fits without falling off the neck
chorales,BWV_0740.gp5,Guitar IV,Guitar IV,73,65.1,7.3,18,41-82,left as it is - nothing lower fits without falling off the neck
chorales,BWV_0740.gp5,Bass,Bass,297,39.3,2.1,6,28-48,left as it is - nothing lower fits without falling off the neck
chorales,BWV_0741.gp5,Guitar I,Guitar III,138,57.6,1.7,5,47-69,left as it is - nothing lower fits without falling off the neck
chorales,BWV_0741.gp5,Guitar II,Guitar I,370,71.7,8.3,20,60-84,left as it is - nothing lower fits without falling off the neck
chorales,BWV_0741.gp5,Guitar III,Guitar II,370,65.0,3.4,12,53-76,left as it is - nothing lower fits without falling off the neck
chorales,BWV_0741.gp5,Guitar IV,Guitar IV,306,55.7,1.7,6,43-70,left as it is - nothing lower fits without falling off the neck
chorales,BWV_0741.gp5,Bass,Bass,111,44.6,3.2,12,31-55,left as it is - nothing lower fits without falling off the neck
chorales,BWV_0742.gp5,Guitar I,Guitar II,157,65.0,4.4,19,56-83,left as it is - nothing lower fits without falling off the neck
chorales,BWV_0742.gp5,Guitar II,Guitar IV,116,62.1,5.1,19,49-83,left as it is - nothing lower fits without falling off the neck
chorales,BWV_0742.gp5,Guitar III,Guitar I,128,65.4,4.4,15,42-79,left as it is - nothing lower fits without falling off the neck
chorales,BWV_0742.gp5,Guitar IV,Guitar III,103,64.1,4.1,10,43-74,left as it is - nothing lower fits without falling off the neck
chorales,BWV_0742.gp5,Bass,Bass,32,41.4,3.9,9,30-52,left as it is - nothing lower fits without falling off the neck
chorales,BWV_0745.gp5,Guitar I,Guitar I,190,64.8,5.0,15,50-79,left as it is - nothing lower fits without falling off the neck
chorales,BWV_0745.gp5,Guitar II,Guitar II,233,64.4,3.4,12,40-76,left as it is - nothing lower fits without falling off the neck
chorales,BWV_0745.gp5,Guitar III,Guitar III,155,64.1,3.7,20,43-84,left as it is - nothing lower fits without falling off the neck
chorales,BWV_0745.gp5,Guitar IV,Guitar IV,85,55.7,2.3,17,45-81,left as it is - nothing lower fits without falling off the neck
chorales,BWV_0745.gp5,Bass,Bass,134,38.8,2.0,7,28-50,left as it is - nothing lower fits without falling off the neck
chorales,BWV_0746.gp5,Guitar I,Guitar I,122,66.0,4.6,17,54-81,left as it is - nothing lower fits without falling off the neck
chorales,BWV_0746.gp5,Guitar II,Guitar II,121,63.6,4.2,15,50-79,left as it is - nothing lower fits without falling off the neck
chorales,BWV_0746.gp5,Guitar III,Guitar III,75,61.6,2.7,10,50-74,left as it is - nothing lower fits without falling off the neck
chorales,BWV_0746.gp5,Bass,Bass,94,42.0,2.2,12,33-55,left as it is - nothing lower fits without falling off the neck
chorales,BWV_0747.gp5,Guitar I,Guitar II,448,67.7,5.5,17,50-81,whole piece -1 semitones
chorales,BWV_0747.gp5,Guitar II,Guitar III,321,66.3,5.1,16,50-80,whole piece -1 semitones
chorales,BWV_0747.gp5,Guitar III,Guitar IV,295,65.3,6.1,18,47-82,whole piece -1 semitones
chorales,BWV_0747.gp5,Guitar IV,Guitar I,72,68.0,6.1,16,48-80,whole piece -1 semitones
chorales,BWV_0747.gp5,Bass,Bass,348,38.3,1.9,7,29-50,whole piece -1 semitones
chorales,BWV_0748.gp5,Guitar I,Guitar I,131,68.2,5.3,14,61-78,left as it is - nothing lower fits without falling off the neck
chorales,BWV_0748.gp5,Guitar II,Guitar II,642,63.2,2.5,10,54-74,left as it is - nothing lower fits without falling off the neck
chorales,BWV_0748.gp5,Guitar III,Guitar III,629,54.0,1.7,6,40-69,left as it is - nothing lower fits without falling off the neck
chorales,BWV_0748.gp5,Guitar IV,Guitar IV,106,51.9,1.8,4,42-60,left as it is - nothing lower fits without falling off the neck
chorales,BWV_0748.gp5,Bass,Bass,85,43.2,3.0,9,38-52,left as it is - nothing lower fits without falling off the neck
chorales,BWV_0748a.gp5,Guitar I,Guitar II,642,59.1,2.4,12,42-76,left as it is - nothing lower fits without falling off the neck
chorales,BWV_0748a.gp5,Guitar II,Guitar I,650,59.3,2.7,14,40-78,left as it is - nothing lower fits without falling off the neck
chorales,BWV_0748a.gp5,Guitar III,Guitar III,487,59.0,2.4,12,40-76,left as it is - nothing lower fits without falling off the neck
chorales,BWV_0748a.gp5,Guitar IV,Guitar IV,262,55.8,1.8,12,45-76,left as it is - nothing lower fits without falling off the neck
chorales,BWV_0748a.gp5,Bass,Bass,96,43.5,3.2,9,38-52,left as it is - nothing lower fits without falling off the neck
chorales,BWV_0749.gp5,Guitar I,Guitar II,72,69.8,7.0,13,59-76,left as it is - nothing lower fits without falling off the neck
chorales,BWV_0749.gp5,Guitar II,Guitar I,62,70.9,7.1,17,62-81,left as it is - nothing lower fits without falling off the neck
chorales,BWV_0749.gp5,Guitar III,Guitar III,53,60.7,2.5,14,50-78,left as it is - nothing lower fits without falling off the neck
chorales,BWV_0749.gp5,Guitar IV,Guitar IV,16,58.2,1.5,5,54-69,left as it is - nothing lower fits without falling off the neck
chorales,BWV_0749.gp5,Bass,Bass,37,40.4,1.4,4,31-47,left as it is - nothing lower fits without falling off the neck
chorales,BWV_0750.gp5,Guitar I,Guitar III,30,53.7,1.1,4,43-62,left as it is - nothing lower fits without falling off the neck
chorales,BWV_0750.gp5,Guitar II,Guitar I,71,69.1,5.5,12,62-76,left as it is - nothing lower fits without falling off the neck
chorales,BWV_0750.gp5,Guitar III,Guitar II,62,67.3,5.6,17,59-81,left as it is - nothing lower fits without falling off the neck
chorales,BWV_0750.gp5,Bass,Bass,87,44.6,4.3,12,31-55,left as it is - nothing lower fits without falling off the neck
chorales,BWV_0751.gp5,Guitar I,Guitar I,221,63.7,2.5,15,52-79,left as it is - nothing lower fits without falling off the neck
chorales,BWV_0751.gp5,Guitar II,Guitar II,268,62.8,3.5,12,50-76,left as it is - nothing lower fits without falling off the neck
chorales,BWV_0751.gp5,Guitar III,Guitar III,25,61.3,2.2,5,55-69,left as it is - nothing lower fits without falling off the neck
chorales,BWV_0751.gp5,Bass,Bass,89,42.0,0.9,7,38-50,left as it is - nothing lower fits without falling off the neck
chorales,BWV_0752.gp5,Guitar I,Guitar I,63,68.7,4.8,10,62-74,left as it is - already sits well
chorales,BWV_0752.gp5,Guitar II,Guitar II,65,63.5,1.8,5,57-69,left as it is - already sits well
chorales,BWV_0752.gp5,Bass,Bass,172,37.5,1.8,4,28-47,left as it is - already sits well
chorales,BWV_0753.gp5,Guitar I,Guitar II,120,70.0,6.9,15,61-79,left as it is - nothing lower fits without falling off the neck
chorales,BWV_0753.gp5,Guitar II,Guitar III,76,64.7,5.5,17,50-81,left as it is - nothing lower fits without falling off the neck
chorales,BWV_0753.gp5,Guitar III,Guitar I,28,70.9,8.8,12,67-76,left as it is - nothing lower fits without falling off the neck
chorales,BWV_0753.gp5,Bass,Bass,115,40.7,2.7,12,31-55,left as it is - nothing lower fits without falling off the neck
chorales,BWV_0754.gp5,Guitar I,Guitar II,527,70.7,7.5,18,62-82,whole piece -1 semitones
chorales,BWV_0754.gp5,Guitar II,Guitar I,491,71.0,8.3,20,58-84,whole piece -1 semitones
chorales,BWV_0754.gp5,Bass,Bass,389,40.2,1.6,5,29-48,whole piece -1 semitones
chorales,BWV_0755.gp5,Guitar I,Guitar I,234,65.6,2.6,10,55-74,left as it is - already sits well
chorales,BWV_0755.gp5,Guitar II,Guitar III,180,64.6,2.7,10,55-74,left as it is - already sits well
chorales,BWV_0755.gp5,Guitar III,Guitar II,59,65.1,2.5,10,48-74,left as it is - already sits well
chorales,BWV_0755.gp5,Bass,Bass,417,40.2,2.0,9,28-52,left as it is - already sits well
chorales,BWV_0756.gp5,Guitar I,Guitar II,73,62.1,2.1,8,50-72,left as it is - already sits well
chorales,BWV_0756.gp5,Guitar II,Guitar I,60,65.3,3.0,8,54-72,left as it is - already sits well
chorales,BWV_0756.gp5,Guitar III,Guitar III,55,57.4,2.4,10,43-74,left as it is - already sits well
chorales,BWV_0756.gp5,Guitar IV,Guitar IV,20,57.1,1.1,4,50-66,left as it is - already sits well
chorales,BWV_0756.gp5,Bass,Bass,18,46.4,3.4,7,43-50,left as it is - already sits well
chorales,BWV_0757.gp5,Guitar I,Guitar II,242,63.3,2.4,7,50-71,left as it is - nothing lower fits without falling off the neck
chorales,BWV_0757.gp5,Guitar II,Guitar I,286,71.3,7.9,19,57-83,left as it is - nothing lower fits without falling off the neck
chorales,BWV_0757.gp5,Bass,Bass,96,44.2,2.4,7,38-50,left as it is - nothing lower fits without falling off the neck
chorales,BWV_0758.gp5,Guitar I,Guitar III,528,60.5,3.0,15,40-79,left as it is - nothing lower fits without falling off the neck
chorales,BWV_0758.gp5,Guitar II,Guitar I,539,62.2,4.4,19,41-83,left as it is - nothing lower fits without falling off the neck
chorales,BWV_0758.gp5,Guitar III,Guitar II,234,60.6,2.3,8,40-72,left as it is - nothing lower fits without falling off the neck
chorales,BWV_0758.gp5,Bass,Bass,127,46.7,4.5,12,36-55,left as it is - nothing lower fits without falling off the neck
chorales,BWV_0759.gp5,Guitar I,Guitar I,192,70.8,7.5,20,64-84,left as it is - nothing lower fits without falling off the neck
chorales,BWV_0759.gp5,Guitar II,Guitar II,461,65.0,2.8,10,55-74,left as it is - nothing lower fits without falling off the neck
chorales,BWV_0759.gp5,Bass,Bass,191,48.6,7.3,12,36-55,left as it is - nothing lower fits without falling off the neck
chorales,BWV_0760.gp5,Guitar I,Guitar I,191,68.7,5.2,13,57-77,left as it is - nothing lower fits without falling off the neck
chorales,BWV_0760.gp5,Guitar II,Guitar II,102,61.7,4.4,17,45-81,left as it is - nothing lower fits without falling off the neck
chorales,BWV_0760.gp5,Guitar III,Guitar III,50,57.8,1.4,10,41-74,left as it is - nothing lower fits without falling off the neck
chorales,BWV_0760.gp5,Bass,Bass,266,43.2,3.3,12,31-55,left as it is - nothing lower fits without falling off the neck
chorales,BWV_0761.gp5,Guitar I,Guitar I,422,67.8,6.8,20,43-84,left as it is - nothing lower fits without falling off the neck
chorales,BWV_0761.gp5,Guitar II,Guitar III,370,62.3,3.5,17,40-81,left as it is - nothing lower fits without falling off the neck
chorales,BWV_0761.gp5,Guitar III,Guitar II,255,64.0,5.3,18,41-82,left as it is - nothing lower fits without falling off the neck
chorales,BWV_0761.gp5,Guitar IV,Guitar IV,107,61.9,3.9,22,41-83,left as it is - nothing lower fits without falling off the neck
chorales,BWV_0761.gp5,Bass,Bass,64,45.6,4.4,12,38-55,left as it is - nothing lower fits without falling off the neck
chorales,BWV_0762.gp5,Guitar I,Guitar II,222,62.4,2.8,10,49-74,left as it is - nothing lower fits without falling off the neck
chorales,BWV_0762.gp5,Guitar II,Guitar III,192,61.7,2.0,8,52-72,left as it is - nothing lower fits without falling off the neck
chorales,BWV_0762.gp5,Guitar III,Guitar I,165,68.5,5.0,15,60-79,left as it is - nothing lower fits without falling off the neck
chorales,BWV_0762.gp5,Bass,Bass,155,38.1,1.5,5,28-48,left as it is - nothing lower fits without falling off the neck
chorales,BWV_0763.gp5,Guitar I,Guitar II,76,55.7,1.7,4,50-62,left as it is - already sits well
chorales,BWV_0763.gp5,Guitar II,Guitar I,82,67.5,4.3,10,62-74,left as it is - already sits well
chorales,BWV_0763.gp5,Bass,Bass,120,37.3,1.6,4,30-45,left as it is - already sits well
chorales,BWV_0764.gp5,Guitar I,Guitar II,137,64.9,4.4,12,50-76,left as it is - nothing lower fits without falling off the neck
chorales,BWV_0764.gp5,Guitar II,Guitar III,142,61.7,2.0,10,52-74,left as it is - nothing lower fits without falling off the neck
chorales,BWV_0764.gp5,Guitar III,Guitar I,59,66.5,5.6,15,53-79,left as it is - nothing lower fits without falling off the neck
chorales,BWV_0764.gp5,Bass,Bass,110,37.5,1.8,7,28-50,left as it is - nothing lower fits without falling off the neck
chorales,BWV_0765.gp5,Guitar I,Guitar I,205,63.2,2.1,7,45-71,left as it is - already sits well
chorales,BWV_0765.gp5,Guitar II,Guitar III,119,60.4,2.7,10,43-74,left as it is - already sits well
chorales,BWV_0765.gp5,Guitar III,Guitar IV,141,52.8,1.3,4,41-62,left as it is - already sits well
chorales,BWV_0765.gp5,Guitar IV,Guitar II,20,60.7,1.4,3,57-67,left as it is - already sits well
chorales,BWV_0765.gp5,Bass,Bass,322,40.9,3.0,12,28-55,left as it is - already sits well
chorales,BWV_0766.gp5,Guitar I,Guitar I,951,63.3,4.6,20,40-84,left as it is - nothing lower fits without falling off the neck
chorales,BWV_0766.gp5,Guitar II,Guitar II,567,61.3,4.6,18,40-82,left as it is - nothing lower fits without falling off the neck
chorales,BWV_0766.gp5,Guitar III,Guitar III,771,60.1,4.1,20,40-84,left as it is - nothing lower fits without falling off the neck
chorales,BWV_0766.gp5,Guitar IV,Guitar IV,809,60.1,3.7,20,40-84,left as it is - nothing lower fits without falling off the neck
chorales,BWV_0766.gp5,Bass,Bass,67,46.4,4.7,12,39-55,left as it is - nothing lower fits without falling off the neck
chorales,BWV_0767.gp5,Guitar I,Guitar II,1579,65.5,5.8,21,40-84,left as it is - it would need a wider stretch than the original
chorales,BWV_0767.gp5,Guitar II,Guitar III,1474,63.9,4.9,22,41-86,left as it is - it would need a wider stretch than the original
chorales,BWV_0767.gp5,Guitar III,Guitar I,1265,65.9,6.6,22,41-86,left as it is - it would need a wider stretch than the original
chorales,BWV_0767.gp5,Guitar IV,Guitar IV,736,62.6,5.3,22,41-86,left as it is - it would need a wider stretch than the original
chorales,BWV_0767.gp5,Bass,Bass,249,43.1,4.5,12,29-55,left as it is - it would need a wider stretch than the original
chorales,BWV_0768.gp5,Guitar I,Guitar I,1781,66.8,5.3,22,43-86,whole piece -1 semitones
chorales,BWV_0768.gp5,Guitar II,Guitar II,1699,63.4,4.9,20,41-84,whole piece -1 semitones
chorales,BWV_0768.gp5,Guitar III,Guitar III,1235,61.4,4.2,20,41-84,whole piece -1 semitones
chorales,BWV_0768.gp5,Guitar IV,Guitar IV,1933,59.6,3.4,18,41-82,whole piece -1 semitones
chorales,BWV_0768.gp5,Bass,Bass,551,41.4,2.7,12,28-55,"whole piece -1 semitones, drop D"
chorales,BWV_0769.gp5,Guitar I,Guitar I,1590,67.3,5.3,20,40-84,left as it is - nothing lower fits without falling off the neck
chorales,BWV_0769.gp5,Guitar II,Guitar IV,1249,61.9,3.2,20,43-84,left as it is - nothing lower fits without falling off the neck
chorales,BWV_0769.gp5,Guitar III,Guitar II,987,63.5,4.1,19,40-83,left as it is - nothing lower fits without falling off the neck
chorales,BWV_0769.gp5,Guitar IV,Guitar III,474,62.4,4.2,20,43-84,left as it is - nothing lower fits without falling off the neck
chorales,BWV_0769.gp5,Bass,Bass,614,40.3,2.0,8,28-50,left as it is - nothing lower fits without falling off the neck
chorales,BWV_0769a.gp5,Guitar I,Guitar II,1449,64.5,4.1,20,40-84,left as it is - nothing lower fits without falling off the neck
chorales,BWV_0769a.gp5,Guitar II,Guitar IV,1235,62.7,3.8,20,43-84,left as it is - nothing lower fits without falling off the neck
chorales,BWV_0769a.gp5,Guitar III,Guitar III,1021,63.8,4.1,19,40-83,left as it is - nothing lower fits without falling off the neck
chorales,BWV_0769a.gp5,Guitar IV,Guitar I,525,65.1,4.8,20,43-84,left as it is - nothing lower fits without falling off the neck
chorales,BWV_0769a.gp5,Bass,Bass,611,40.1,2.0,8,28-50,left as it is - nothing lower fits without falling off the neck
chorales,BWV_0770.gp5,Guitar I,Guitar I,1399,64.5,4.6,20,40-84,left as it is - nothing lower fits without falling off the neck
chorales,BWV_0770.gp5,Guitar II,Guitar II,1216,62.2,4.9,22,40-86,left as it is - nothing lower fits without falling off the neck
chorales,BWV_0770.gp5,Guitar III,Guitar III,1022,60.5,4.1,19,40-83,left as it is - nothing lower fits without falling off the neck
chorales,BWV_0770.gp5,Guitar IV,Guitar IV,890,59.5,3.6,21,40-84,left as it is - nothing lower fits without falling off the neck
chorales,BWV_0770.gp5,Bass,Bass,397,43.5,3.9,12,28-55,left as it is - nothing lower fits without falling off the neck
chorales,BWV_0771.gp5,Guitar I,Guitar I,2875,66.7,5.0,19,43-83,whole piece -2 semitones
chorales,BWV_0771.gp5,Guitar II,Guitar III,2143,62.4,4.6,22,40-86,"whole piece -2 semitones, drop D"
chorales,BWV_0771.gp5,Guitar III,Guitar IV,2714,59.2,2.6,17,40-81,"whole piece -2 semitones, drop D"
chorales,BWV_0771.gp5,Guitar IV,Guitar II,1181,63.2,4.6,22,40-86,"whole piece -2 semitones, drop D"
chorales,BWV_0771.gp5,Bass,Bass,341,44.7,2.8,9,38-52,whole piece -2 semitones
chorales,BWV_Anh_075.gp5,Guitar,Guitar,56,70.6,7.5,12,66-76,left as it is - already sits well
chorales,BWV_Anh_075.gp5,Bass,Bass,103,37.5,1.8,4,28-45,left as it is - already sits well
chorales,BWV_Anh_076.gp5,Guitar,Guitar,84,64.3,2.4,8,50-72,left as it is - already sits well
chorales,BWV_Anh_076.gp5,Bass,Bass,59,47.7,5.8,12,40-55,left as it is - already sits well
fugues,BWV_0131a.gp5,Guitar I,Guitar I,276,66.5,5.0,13,50-77,left as it is - nothing lower fits without falling off the neck
fugues,BWV_0131a.gp5,Guitar II,Guitar II,132,66.0,5.1,13,50-77,left as it is - nothing lower fits without falling off the neck
fugues,BWV_0131a.gp5,Guitar III,Guitar III,194,62.9,2.8,10,50-74,left as it is - nothing lower fits without falling off the neck
fugues,BWV_0131a.gp5,Guitar IV,Guitar IV,301,62.2,4.0,18,48-82,left as it is - nothing lower fits without falling off the neck
fugues,BWV_0131a.gp5,Bass,Bass,205,39.1,1.6,8,31-50,left as it is - nothing lower fits without falling off the neck
fugues,BWV_0553-1.gp5,Guitar I,Guitar III,410,63.2,3.2,15,43-79,left as it is - nothing lower fits without falling off the neck
fugues,BWV_0553-1.gp5,Guitar II,Guitar I,374,65.2,4.6,18,50-81,left as it is - nothing lower fits without falling off the neck
fugues,BWV_0553-1.gp5,Guitar III,Guitar II,405,65.2,4.7,15,47-79,left as it is - nothing lower fits without falling off the neck
fugues,BWV_0553-1.gp5,Guitar IV,Guitar IV,287,62.7,3.3,12,52-76,left as it is - nothing lower fits without falling off the neck
fugues,BWV_0553-1.gp5,Bass,Bass,227,39.8,1.8,5,31-48,left as it is - nothing lower fits without falling off the neck
fugues,BWV_0553-2.gp5,Guitar I,Guitar I,194,70.0,6.4,12,60-76,left as it is - already sits well
fugues,BWV_0553-2.gp5,Guitar II,Guitar IV,154,61.8,1.8,5,50-69,left as it is - already sits well
fugues,BWV_0553-2.gp5,Guitar III,Guitar III,135,65.9,3.8,12,52-76,left as it is - already sits well
fugues,BWV_0553-2.gp5,Guitar IV,Guitar II,29,66.9,3.6,10,60-74,left as it is - already sits well
fugues,BWV_0553-2.gp5,Bass,Bass,79,39.3,1.7,3,31-45,left as it is - already sits well
fugues,BWV_0554.gp5,Guitar I,Guitar I,351,67.1,3.9,15,50-79,left as it is - nothing lower fits without falling off the neck
fugues,BWV_0554.gp5,Guitar II,Guitar II,342,64.0,3.7,13,52-77,left as it is - nothing lower fits without falling off the neck
fugues,BWV_0554.gp5,Guitar III,Guitar IV,303,59.1,2.7,13,41-77,left as it is - nothing lower fits without falling off the neck
fugues,BWV_0554.gp5,Guitar IV,Guitar III,202,59.9,2.8,12,48-76,left as it is - nothing lower fits without falling off the neck
fugues,BWV_0554.gp5,Bass,Bass,161,42.6,3.6,12,29-55,left as it is - nothing lower fits without falling off the neck
fugues,BWV_0555-1.gp5,Guitar I,Guitar I,104,66.9,5.1,14,54-78,left as it is - nothing lower fits without falling off the neck
fugues,BWV_0555-1.gp5,Guitar II,Guitar II,100,65.9,3.6,12,54-76,left as it is - nothing lower fits without falling off the neck
fugues,BWV_0555-1.gp5,Guitar III,Guitar III,95,59.5,3.0,15,52-79,left as it is - nothing lower fits without falling off the neck
fugues,BWV_0555-1.gp5,Guitar IV,Guitar IV,55,59.2,2.1,12,50-76,left as it is - nothing lower fits without falling off the neck
fugues,BWV_0555-1.gp5,Bass,Bass,77,36.5,1.7,4,28-47,left as it is - nothing lower fits without falling off the neck
fugues,BWV_0555-2.gp5,Guitar I,Guitar II,241,68.0,4.9,17,59-81,left as it is - nothing lower fits without falling off the neck
fugues,BWV_0555-2.gp5,Guitar II,Guitar I,192,69.9,7.2,21,50-85,left as it is - nothing lower fits without falling off the neck
fugues,BWV_0555-2.gp5,Guitar III,Guitar III,161,64.7,4.4,17,52-81,left as it is - nothing lower fits without falling off the neck
fugues,BWV_0555-2.gp5,Bass,Bass,78,39.7,2.1,4,28-47,left as it is - nothing lower fits without falling off the neck
fugues,BWV_0556-1.gp5,Guitar I,Guitar II,225,68.7,5.1,15,52-79,left as it is - nothing lower fits without falling off the neck
fugues,BWV_0556-1.gp5,Guitar II,Guitar III,209,66.2,5.9,15,45-79,left as it is - nothing lower fits without falling off the neck
fugues,BWV_0556-1.gp5,Guitar III,Guitar I,167,69.3,7.3,15,48-79,left as it is - nothing lower fits without falling off the neck
fugues,BWV_0556-1.gp5,Guitar IV,Guitar IV,131,60.1,3.1,11,45-74,left as it is - nothing lower fits without falling off the neck
fugues,BWV_0556-1.gp5,Bass,Bass,40,46.0,4.8,10,41-52,left as it is - nothing lower fits without falling off the neck
fugues,BWV_0556-2.gp5,Guitar I,Guitar III,168,61.7,2.5,10,48-74,left as it is - nothing lower fits without falling off the neck
fugues,BWV_0556-2.gp5,Guitar II,Guitar I,147,68.3,6.2,15,52-79,left as it is - nothing lower fits without falling off the neck
fugues,BWV_0556-2.gp5,Guitar III,Guitar II,137,64.4,3.6,8,53-72,left as it is - nothing lower fits without falling off the neck
fugues,BWV_0556-2.gp5,Guitar IV,Guitar IV,44,61.6,1.8,8,53-72,left as it is - nothing lower fits without falling off the neck
fugues,BWV_0556-2.gp5,Bass,Bass,115,39.8,1.8,5,29-48,left as it is - nothing lower fits without falling off the neck
fugues,BWV_0557-1.gp5,Guitar I,Guitar I,123,65.8,4.6,15,47-79,left as it is - nothing lower fits without falling off the neck
fugues,BWV_0557-1.gp5,Guitar II,Guitar II,120,64.6,3.7,15,48-79,left as it is - nothing lower fits without falling off the neck
fugues,BWV_0557-1.gp5,Guitar III,Guitar III,119,62.1,2.4,10,40-74,left as it is - nothing lower fits without falling off the neck
fugues,BWV_0557-1.gp5,Guitar IV,Guitar IV,80,60.0,2.7,10,48-74,left as it is - nothing lower fits without falling off the neck
fugues,BWV_0557-1.gp5,Bass,Bass,96,42.1,3.3,12,30-55,left as it is - nothing lower fits without falling off the neck
fugues,BWV_0557-2.gp5,Guitar I,Guitar IV,166,60.8,3.3,14,43-78,left as it is - nothing lower fits without falling off the neck
fugues,BWV_0557-2.gp5,Guitar II,Guitar III,156,61.4,2.8,10,48-74,left as it is - nothing lower fits without falling off the neck
fugues,BWV_0557-2.gp5,Guitar III,Guitar I,128,65.5,4.1,15,45-79,left as it is - nothing lower fits without falling off the neck
fugues,BWV_0557-2.gp5,Guitar IV,Guitar II,48,63.9,2.1,10,47-74,left as it is - nothing lower fits without falling off the neck
fugues,BWV_0557-2.gp5,Bass,Bass,48,49.1,6.8,12,43-55,left as it is - nothing lower fits without falling off the neck
fugues,BWV_0558-1.gp5,Guitar I,Guitar I,220,68.6,7.3,19,43-81,left as it is - nothing lower fits without falling off the neck
fugues,BWV_0558-1.gp5,Guitar II,Guitar II,121,67.0,6.7,15,50-79,left as it is - nothing lower fits without falling off the neck
fugues,BWV_0558-1.gp5,Guitar III,Guitar IV,132,60.8,3.2,11,46-74,left as it is - nothing lower fits without falling off the neck
fugues,BWV_0558-1.gp5,Guitar IV,Guitar III,66,65.8,6.2,12,50-75,left as it is - nothing lower fits without falling off the neck
fugues,BWV_0558-1.gp5,Bass,Bass,55,46.6,5.3,10,38-53,left as it is - nothing lower fits without falling off the neck
fugues,BWV_0558-2.gp5,Guitar I,Guitar I,219,68.9,6.3,13,53-77,left as it is - nothing lower fits without falling off the neck
fugues,BWV_0558-2.gp5,Guitar II,Guitar II,197,62.4,2.9,15,41-79,left as it is - nothing lower fits without falling off the neck
fugues,BWV_0558-2.gp5,Guitar III,Guitar III,186,61.8,3.0,10,43-74,left as it is - nothing lower fits without falling off the neck
fugues,BWV_0558-2.gp5,Guitar IV,Guitar IV,55,60.2,2.5,5,48-69,left as it is - nothing lower fits without falling off the neck
fugues,BWV_0558-2.gp5,Bass,Bass,79,39.2,1.4,4,31-46,left as it is - nothing lower fits without falling off the neck
fugues,BWV_0559-1.gp5,Guitar I,Guitar II,179,64.6,2.7,13,57-77,left as it is - nothing lower fits without falling off the neck
fugues,BWV_0559-1.gp5,Guitar II,Guitar I,113,64.8,4.1,13,47-77,left as it is - nothing lower fits without falling off the neck
fugues,BWV_0559-1.gp5,Guitar III,Guitar III,144,64.1,3.7,12,40-76,left as it is - nothing lower fits without falling off the neck
fugues,BWV_0559-1.gp5,Guitar IV,Guitar IV,58,61.3,2.1,8,48-72,left as it is - nothing lower fits without falling off the neck
fugues,BWV_0559-1.gp5,Bass,Bass,62,37.0,1.6,4,29-45,left as it is - nothing lower fits without falling off the neck
fugues,BWV_0559-2.gp5,Guitar I,Guitar I,176,68.0,5.9,17,54-81,left as it is - nothing lower fits without falling off the neck
fugues,BWV_0559-2.gp5,Guitar II,Guitar II,32,66.9,4.9,15,57-79,left as it is - nothing lower fits without falling off the neck
fugues,BWV_0559-2.gp5,Guitar III,Guitar III,139,66.1,4.5,12,52-76,left as it is - nothing lower fits without falling off the neck
fugues,BWV_0559-2.gp5,Guitar IV,Guitar IV,184,63.9,4.0,12,47-76,left as it is - nothing lower fits without falling off the neck
fugues,BWV_0559-2.gp5,Bass,Bass,45,49.2,7.3,10,45-53,left as it is - nothing lower fits without falling off the neck
fugues,BWV_0561-1.gp5,Guitar I,Guitar IV,461,65.3,4.4,20,40-84,left as it is - nothing lower fits without falling off the neck
fugues,BWV_0561-1.gp5,Guitar II,Guitar III,411,66.1,5.3,19,45-83,left as it is - nothing lower fits without falling off the neck
fugues,BWV_0561-1.gp5,Guitar III,Guitar I,280,66.6,4.6,17,52-81,left as it is - nothing lower fits without falling off the neck
fugues,BWV_0561-1.gp5,Guitar IV,Guitar II,135,66.4,5.5,12,47-76,left as it is - nothing lower fits without falling off the neck
fugues,BWV_0561-1.gp5,Bass,Bass,51,39.1,3.1,7,28-50,left as it is - nothing lower fits without falling off the neck
fugues,BWV_0561-2.gp5,Guitar I,Guitar I,854,69.7,7.6,21,45-84,whole piece -3 semitones
fugues,BWV_0561-2.gp5,Guitar II,Guitar II,740,67.9,7.0,21,43-84,whole piece -3 semitones
fugues,BWV_0561-2.gp5,Guitar III,Guitar III,551,63.7,3.5,13,47-76,whole piece -3 semitones
fugues,BWV_0561-2.gp5,Guitar IV,Guitar IV,182,59.9,2.5,12,45-76,whole piece -3 semitones
fugues,BWV_0561-2.gp5,Bass,Bass,122,47.0,5.5,12,38-55,whole piece -3 semitones
fugues,BWV_0562-1.gp5,Guitar I,Guitar I,411,68.9,6.9,17,44-81,whole piece -1 semitones
fugues,BWV_0562-1.gp5,Guitar II,Guitar II,312,64.7,4.9,16,48-80,whole piece -1 semitones
fugues,BWV_0562-1.gp5,Guitar III,Guitar IV,215,61.0,3.9,16,44-80,whole piece -1 semitones
fugues,BWV_0562-1.gp5,Guitar IV,Guitar III,199,64.5,5.0,16,48-80,whole piece -1 semitones
fugues,BWV_0562-1.gp5,Bass,Bass,169,44.8,4.5,12,36-55,whole piece -1 semitones
fugues,BWV_0562-2.gp5,Guitar I,Guitar II,146,65.7,4.9,18,50-82,left as it is - nothing lower fits without falling off the neck
fugues,BWV_0562-2.gp5,Guitar II,Guitar III,161,62.1,3.5,13,47-77,left as it is - nothing lower fits without falling off the neck
fugues,BWV_0562-2.gp5,Guitar III,Guitar I,121,67.3,5.9,15,51-79,left as it is - nothing lower fits without falling off the neck
fugues,BWV_0562-2.gp5,Guitar IV,Guitar IV,97,58.4,2.9,17,46-80,left as it is - nothing lower fits without falling off the neck
fugues,BWV_0562-2.gp5,Bass,Bass,71,47.1,6.3,12,36-55,left as it is - nothing lower fits without falling off the neck
fugues,BWV_0563-1.gp5,Guitar I,Guitar I,147,70.1,7.4,17,57-81,left as it is - nothing lower fits without falling off the neck
fugues,BWV_0563-1.gp5,Guitar II,Guitar II,146,66.0,4.8,19,47-83,left as it is - nothing lower fits without falling off the neck
fugues,BWV_0563-1.gp5,Guitar III,Guitar III,90,64.0,4.0,15,50-79,left as it is - nothing lower fits without falling off the neck
fugues,BWV_0563-1.gp5,Bass,Bass,57,41.2,2.8,6,28-49,left as it is - nothing lower fits without falling off the neck
fugues,BWV_0563-2.gp5,Guitar I,Guitar II,253,67.0,5.7,17,50-81,left as it is - nothing lower fits without falling off the neck
fugues,BWV_0563-2.gp5,Guitar II,Guitar III,258,66.8,5.2,17,52-81,left as it is - nothing lower fits without falling off the neck
fugues,BWV_0563-2.gp5,Guitar III,Guitar I,182,69.4,6.9,17,51-81,left as it is - nothing lower fits without falling off the neck
fugues,BWV_0563-2.gp5,Bass,Bass,156,41.2,2.5,9,28-52,left as it is - nothing lower fits without falling off the neck
fugues,BWV_0564-1.gp5,Guitar I,Guitar I,826,68.1,6.8,22,43-86,left as it is - it would need a wider stretch than the original
fugues,BWV_0564-1.gp5,Guitar II,Guitar IV,643,65.8,4.5,20,40-83,left as it is - it would need a wider stretch than the original
fugues,BWV_0564-1.gp5,Guitar III,Guitar II,585,67.2,6.5,22,40-86,left as it is - it would need a wider stretch than the original
fugues,BWV_0564-1.gp5,Guitar IV,Guitar III,383,67.1,6.2,20,48-83,left as it is - it would need a wider stretch than the original
fugues,BWV_0564-1.gp5,Bass,Bass,723,39.4,2.1,12,28-55,left as it is - it would need a wider stretch than the original
fugues,BWV_0564-2.gp5,Guitar I,Guitar I,794,70.1,7.7,20,48-84,whole piece -2 semitones
fugues,BWV_0564-2.gp5,Guitar II,Guitar II,751,68.8,6.9,20,41-84,"whole piece -2 semitones, drop D"
fugues,BWV_0564-2.gp5,Guitar III,Guitar IV,562,66.0,5.3,19,42-83,whole piece -2 semitones
fugues,BWV_0564-2.gp5,Guitar IV,Guitar III,333,66.1,4.1,17,50-81,whole piece -2 semitones
fugues,BWV_0564-2.gp5,Bass,Bass,399,41.4,2.5,8,30-50,whole piece -2 semitones
fugues,BWV_0565.gp5,Guitar I,Guitar I,1333,67.3,6.2,20,40-84,"whole piece -2 semitones, drop D"
fugues,BWV_0565.gp5,Guitar II,Guitar II,1225,66.8,5.2,18,43-82,whole piece -2 semitones
fugues,BWV_0565.gp5,Guitar III,Guitar III,801,63.6,4.6,18,43-82,whole piece -2 semitones
fugues,BWV_0565.gp5,Guitar IV,Guitar IV,428,63.5,4.6,18,40-81,"whole piece -2 semitones, drop D"
fugues,BWV_0565.gp5,Bass,Bass,351,46.6,5.7,12,29-55,"whole piece -2 semitones, drop D"
fugues,BWV_0566-1.gp5,Guitar I,Guitar I,874,67.3,5.4,19,45-83,left as it is - nothing lower fits without falling off the neck
fugues,BWV_0566-1.gp5,Guitar II,Guitar III,957,64.5,5.7,19,40-83,left as it is - nothing lower fits without falling off the neck
fugues,BWV_0566-1.gp5,Guitar III,Guitar II,699,67.0,6.2,19,40-83,left as it is - nothing lower fits without falling off the neck
fugues,BWV_0566-1.gp5,Guitar IV,Guitar IV,585,61.7,5.0,19,40-83,left as it is - nothing lower fits without falling off the neck
fugues,BWV_0566-1.gp5,Bass,Bass,359,42.4,4.0,11,28-54,left as it is - nothing lower fits without falling off the neck
fugues,BWV_0566-2.gp5,Guitar I,Guitar I,395,67.3,6.1,19,40-83,left as it is - nothing lower fits without falling off the neck
fugues,BWV_0566-2.gp5,Guitar II,Guitar III,376,65.1,5.1,19,45-83,left as it is - nothing lower fits without falling off the neck
fugues,BWV_0566-2.gp5,Guitar III,Guitar IV,244,56.9,3.5,14,40-78,left as it is - nothing lower fits without falling off the neck
fugues,BWV_0566-2.gp5,Guitar IV,Guitar II,249,67.1,7.3,19,44-83,left as it is - nothing lower fits without falling off the neck
fugues,BWV_0566-2.gp5,Bass,Bass,89,43.7,4.3,11,28-54,left as it is - nothing lower fits without falling off the neck
fugues,BWV_0566a-1.gp5,Guitar I,Guitar I,912,66.2,4.4,15,41-79,left as it is - nothing lower fits without falling off the neck
fugues,BWV_0566a-1.gp5,Guitar II,Guitar IV,747,61.0,2.8,15,43-79,left as it is - nothing lower fits without falling off the neck
fugues,BWV_0566a-1.gp5,Guitar III,Guitar II,714,62.5,3.4,15,45-79,left as it is - nothing lower fits without falling off the neck
fugues,BWV_0566a-1.gp5,Guitar IV,Guitar III,526,62.1,4.1,15,43-79,left as it is - nothing lower fits without falling off the neck
fugues,BWV_0566a-1.gp5,Bass,Bass,557,43.2,3.9,12,28-55,left as it is - nothing lower fits without falling off the neck
fugues,BWV_0566a-2.gp5,Guitar I,Guitar I,407,65.0,4.3,15,41-79,left as it is - nothing lower fits without falling off the neck
fugues,BWV_0566a-2.gp5,Guitar II,Guitar III,353,60.5,2.7,13,43-77,left as it is - nothing lower fits without falling off the neck
fugues,BWV_0566a-2.gp5,Guitar III,Guitar II,274,63.8,4.9,15,45-79,left as it is - nothing lower fits without falling off the neck
fugues,BWV_0566a-2.gp5,Guitar IV,Guitar IV,143,60.0,2.9,10,44-74,left as it is - nothing lower fits without falling off the neck
fugues,BWV_0566a-2.gp5,Bass,Bass,197,45.7,4.9,12,36-55,left as it is - nothing lower fits without falling off the neck
fugues,BWV_0574.gp5,Guitar I,Guitar I,858,68.1,6.1,20,43-84,whole piece -1 semitones
fugues,BWV_0574.gp5,Guitar II,Guitar II,774,64.2,4.2,18,43-82,whole piece -1 semitones
fugues,BWV_0574.gp5,Guitar III,Guitar IV,693,64.0,4.7,18,46-82,whole piece -1 semitones
fugues,BWV_0574.gp5,Guitar IV,Guitar III,373,64.2,4.3,17,48-81,whole piece -1 semitones
fugues,BWV_0574.gp5,Bass,Bass,374,42.8,3.9,12,29-55,whole piece -1 semitones
fugues,BWV_0574a.gp5,Guitar I,Guitar I,782,67.1,6.1,18,43-82,left as it is - nothing lower fits without falling off the neck
fugues,BWV_0574a.gp5,Guitar II,Guitar IV,683,63.5,3.9,18,43-82,left as it is - nothing lower fits without falling off the neck
fugues,BWV_0574a.gp5,Guitar III,Guitar III,499,64.1,4.1,17,48-81,left as it is - nothing lower fits without falling off the neck
fugues,BWV_0574a.gp5,Guitar IV,Guitar II,193,64.2,3.6,15,48-79,left as it is - nothing lower fits without falling off the neck
fugues,BWV_0574a.gp5,Bass,Bass,335,42.3,3.6,12,28-55,left as it is - nothing lower fits without falling off the neck
fugues,BWV_0574b.gp5,Guitar I,Guitar I,802,67.9,5.8,20,43-84,whole piece -1 semitones
fugues,BWV_0574b.gp5,Guitar II,Guitar III,845,64.4,4.9,18,43-82,whole piece -1 semitones
fugues,BWV_0574b.gp5,Guitar III,Guitar II,622,64.6,4.6,15,46-79,whole piece -1 semitones
fugues,BWV_0574b.gp5,Guitar IV,Guitar IV,372,63.7,4.1,17,46-81,whole piece -1 semitones
fugues,BWV_0574b.gp5,Bass,Bass,372,42.9,3.9,12,29-55,whole piece -1 semitones
fugues,BWV_0575.gp5,Guitar I,Guitar I,676,68.0,7.2,21,43-84,whole piece -3 semitones
fugues,BWV_0575.gp5,Guitar II,Guitar II,684,66.0,5.8,22,43-86,whole piece -3 semitones
fugues,BWV_0575.gp5,Guitar III,Guitar III,493,62.2,4.8,18,41-82,"whole piece -3 semitones, drop D"
fugues,BWV_0575.gp5,Guitar IV,Guitar IV,192,61.3,4.3,16,43-80,whole piece -3 semitones
fugues,BWV_0575.gp5,Bass,Bass,84,48.1,7.3,12,36-55,whole piece -3 semitones
fugues,BWV_0576.gp5,Guitar I,Guitar I,562,67.1,4.9,15,50-79,left as it is - nothing lower fits without falling off the neck
fugues,BWV_0576.gp5,Guitar II,Guitar II,520,64.6,3.9,19,42-83,left as it is - nothing lower fits without falling off the neck
fugues,BWV_0576.gp5,Guitar III,Guitar III,421,62.0,3.5,15,43-79,left as it is - nothing lower fits without falling off the neck
fugues,BWV_0576.gp5,Guitar IV,Guitar IV,225,61.0,3.0,13,42-77,left as it is - nothing lower fits without falling off the neck
fugues,BWV_0576.gp5,Bass,Bass,323,37.7,1.8,5,28-48,left as it is - nothing lower fits without falling off the neck
fugues,BWV_0577.gp5,Guitar I,Guitar II,651,66.8,4.1,14,57-78,whole piece -2 semitones
fugues,BWV_0577.gp5,Guitar II,Guitar I,657,67.8,6.1,21,50-84,whole piece -2 semitones
fugues,BWV_0577.gp5,Guitar III,Guitar III,533,66.3,5.7,19,43-83,whole piece -2 semitones
fugues,BWV_0577.gp5,Guitar IV,Guitar IV,204,61.2,3.0,10,45-74,whole piece -2 semitones
fugues,BWV_0577.gp5,Bass,Bass,380,41.4,3.0,12,28-55,"whole piece -2 semitones, drop D"
fugues,BWV_0578.gp5,Guitar I,Guitar I,668,72.6,9.8,20,55-84,whole piece -2 semitones
fugues,BWV_0578.gp5,Guitar II,Guitar II,553,64.0,4.0,18,46-82,whole piece -2 semitones
fugues,BWV_0578.gp5,Guitar III,Guitar III,360,60.0,2.5,17,42-81,whole piece -2 semitones
fugues,BWV_0578.gp5,Bass,Bass,185,44.6,3.9,12,31-55,whole piece -2 semitones
fugues,BWV_0579.gp5,Guitar I,Guitar I,561,70.7,8.9,19,49-83,whole piece -2 semitones
fugues,BWV_0579.gp5,Guitar II,Guitar III,509,62.6,4.2,19,42-83,whole piece -2 semitones
fugues,BWV_0579.gp5,Guitar III,Guitar II,405,63.6,3.4,19,49-83,whole piece -2 semitones
fugues,BWV_0579.gp5,Bass,Bass,277,37.8,2.1,7,28-50,"whole piece -2 semitones, drop D"
fugues,BWV_0580.gp5,Guitar I,Guitar I,392,67.3,5.1,19,54-83,whole piece -1 semitones
fugues,BWV_0580.gp5,Guitar II,Guitar II,416,65.9,5.7,20,43-84,whole piece -1 semitones
fugues,BWV_0580.gp5,Guitar III,Guitar III,172,63.2,3.7,17,44-81,whole piece -1 semitones
fugues,BWV_0580.gp5,Guitar IV,Guitar IV,82,60.6,3.4,17,43-81,whole piece -1 semitones
fugues,BWV_0580.gp5,Bass,Bass,122,47.1,6.4,11,37-54,whole piece -1 semitones
fugues,BWV_0581.gp5,Guitar I,Guitar III,135,65.8,3.7,12,57-76,left as it is - nothing lower fits without falling off the neck
fugues,BWV_0581.gp5,Guitar II,Guitar II,142,69.6,6.2,15,62-79,left as it is - nothing lower fits without falling off the neck
fugues,BWV_0581.gp5,Guitar III,Guitar I,49,71.0,7.8,17,55-81,left as it is - nothing lower fits without falling off the neck
fugues,BWV_0581.gp5,Bass,Bass,165,40.4,2.6,12,30-55,left as it is - nothing lower fits without falling off the neck
fugues,BWV_0581_alt.gp5,Guitar I,Guitar I,155,68.2,5.0,15,59-79,left as it is - nothing lower fits without falling off the neck
fugues,BWV_0581_alt.gp5,Guitar II,Guitar II,158,61.1,4.1,17,43-81,left as it is - nothing lower fits without falling off the neck
fugues,BWV_0581_alt.gp5,Guitar III,Guitar III,135,56.0,2.7,15,42-79,left as it is - nothing lower fits without falling off the neck
fugues,BWV_0581_alt.gp5,Bass,Bass,46,43.7,3.3,11,28-54,left as it is - nothing lower fits without falling off the neck
preludes-and-fugues,BWV_0531.gp5,Guitar I,Guitar I,822,70.8,8.1,20,46-84,whole piece -2 semitones
preludes-and-fugues,BWV_0531.gp5,Guitar II,Guitar IV,729,63.9,3.6,19,42-83,whole piece -2 semitones
preludes-and-fugues,BWV_0531.gp5,Guitar III,Guitar II,674,67.3,6.4,18,45-82,whole piece -2 semitones
preludes-and-fugues,BWV_0531.gp5,Guitar IV,Guitar III,486,64.7,4.5,19,42-83,whole piece -2 semitones
preludes-and-fugues,BWV_0531.gp5,Bass,Bass,331,42.0,3.5,12,29-55,"whole piece -2 semitones, drop D"
preludes-and-fugues,BWV_0532-1.gp5,Guitar I,Guitar II,145,65.7,4.3,15,50-78,left as it is - nothing lower fits without falling off the neck
preludes-and-fugues,BWV_0532-1.gp5,Guitar II,Guitar I,156,67.1,5.2,19,45-83,left as it is - nothing lower fits without falling off the neck
preludes-and-fugues,BWV_0532-1.gp5,Guitar III,Guitar III,144,64.7,4.9,15,47-79,left as it is - nothing lower fits without falling off the neck
preludes-and-fugues,BWV_0532-1.gp5,Guitar IV,Guitar IV,85,62.1,3.8,14,49-78,left as it is - nothing lower fits without falling off the neck
preludes-and-fugues,BWV_0532-1.gp5,Bass,Bass,134,40.8,2.3,7,30-50,left as it is - nothing lower fits without falling off the neck
preludes-and-fugues,BWV_0532-2.gp5,Guitar I,Guitar I,1126,68.1,6.5,19,42-83,whole piece -2 semitones
preludes-and-fugues,BWV_0532-2.gp5,Guitar II,Guitar III,998,65.6,5.2,19,42-83,whole piece -2 semitones
preludes-and-fugues,BWV_0532-2.gp5,Guitar III,Guitar IV,1179,64.8,3.9,17,40-81,"whole piece -2 semitones, drop D"
preludes-and-fugues,BWV_0532-2.gp5,Guitar IV,Guitar II,542,66.4,5.8,19,45-83,whole piece -2 semitones
preludes-and-fugues,BWV_0532-2.gp5,Bass,Bass,902,39.4,2.2,7,28-50,"whole piece -2 semitones, drop D"
preludes-and-fugues,BWV_0532a.gp5,Guitar I,Guitar IV,655,65.1,3.8,14,42-78,left as it is - nothing lower fits without falling off the neck
preludes-and-fugues,BWV_0532a.gp5,Guitar II,Guitar II,568,66.7,5.9,19,42-83,left as it is - nothing lower fits without falling off the neck
preludes-and-fugues,BWV_0532a.gp5,Guitar III,Guitar I,470,67.3,6.0,19,45-83,left as it is - nothing lower fits without falling off the neck
preludes-and-fugues,BWV_0532a.gp5,Guitar IV,Guitar III,238,65.2,4.5,17,49-81,left as it is - nothing lower fits without falling off the neck
preludes-and-fugues,BWV_0532a.gp5,Bass,Bass,573,38.9,2.2,7,28-50,left as it is - nothing lower fits without falling off the neck
preludes-and-fugues,BWV_0533-1.gp5,Guitar I,Guitar III,184,63.7,3.2,12,40-76,left as it is - nothing lower fits without falling off the neck
preludes-and-fugues,BWV_0533-1.gp5,Guitar II,Guitar I,135,69.1,6.1,19,59-83,left as it is - nothing lower fits without falling off the neck
preludes-and-fugues,BWV_0533-1.gp5,Guitar III,Guitar II,137,68.0,7.2,17,45-81,left as it is - nothing lower fits without falling off the neck
preludes-and-fugues,BWV_0533-1.gp5,Guitar IV,Guitar IV,93,62.5,3.6,15,50-79,left as it is - nothing lower fits without falling off the neck
preludes-and-fugues,BWV_0533-1.gp5,Bass,Bass,148,39.4,2.2,6,28-48,left as it is - nothing lower fits without falling off the neck
preludes-and-fugues,BWV_0533-2.gp5,Guitar I,Guitar II,228,63.5,3.7,15,50-78,left as it is - nothing lower fits without falling off the neck
preludes-and-fugues,BWV_0533-2.gp5,Guitar II,Guitar III,215,63.2,4.4,19,40-83,left as it is - nothing lower fits without falling off the neck
preludes-and-fugues,BWV_0533-2.gp5,Guitar III,Guitar I,147,66.0,5.1,20,40-83,left as it is - nothing lower fits without falling off the neck
preludes-and-fugues,BWV_0533-2.gp5,Guitar IV,Guitar IV,91,61.0,3.7,14,47-78,left as it is - nothing lower fits without falling off the neck
preludes-and-fugues,BWV_0533-2.gp5,Bass,Bass,76,37.8,2.2,6,28-49,left as it is - nothing lower fits without falling off the neck
preludes-and-fugues,BWV_0533a.gp5,Guitar I,Guitar II,454,62.6,3.7,19,40-83,left as it is - nothing lower fits without falling off the neck
preludes-and-fugues,BWV_0533a.gp5,Guitar II,Guitar III,393,62.4,4.4,19,40-83,left as it is - nothing lower fits without falling off the neck
preludes-and-fugues,BWV_0533a.gp5,Guitar III,Guitar I,288,63.5,5.0,20,43-84,left as it is - nothing lower fits without falling off the neck
preludes-and-fugues,BWV_0533a.gp5,Guitar IV,Guitar IV,222,62.3,4.8,15,40-79,left as it is - nothing lower fits without falling off the neck
preludes-and-fugues,BWV_0533a.gp5,Bass,Bass,139,43.2,4.3,11,28-54,left as it is - nothing lower fits without falling off the neck
preludes-and-fugues,BWV_0534-1.gp5,Guitar I,Guitar I,447,72.7,10.9,21,55-84,whole piece -1 semitones
preludes-and-fugues,BWV_0534-1.gp5,Guitar II,Guitar IV,461,58.0,2.1,13,41-77,whole piece -1 semitones
preludes-and-fugues,BWV_0534-1.gp5,Guitar III,Guitar II,263,65.7,4.1,16,58-80,whole piece -1 semitones
preludes-and-fugues,BWV_0534-1.gp5,Guitar IV,Guitar III,158,64.2,4.6,22,48-86,whole piece -1 semitones
preludes-and-fugues,BWV_0534-1.gp5,Bass,Bass,248,45.4,5.7,12,36-55,whole piece -1 semitones
preludes-and-fugues,BWV_0534-2.gp5,Guitar I,Guitar II,308,66.9,6.5,16,40-80,left as it is - nothing lower fits without falling off the neck
preludes-and-fugues,BWV_0534-2.gp5,Guitar II,Guitar IV,498,55.7,1.9,6,41-70,left as it is - nothing lower fits without falling off the neck
preludes-and-fugues,BWV_0534-2.gp5,Guitar III,Guitar I,460,71.9,9.5,21,43-84,left as it is - nothing lower fits without falling off the neck
preludes-and-fugues,BWV_0534-2.gp5,Guitar IV,Guitar III,302,64.5,3.7,12,41-75,left as it is - nothing lower fits without falling off the neck
preludes-and-fugues,BWV_0534-2.gp5,Bass,Bass,270,39.2,2.6,12,28-55,left as it is - nothing lower fits without falling off the neck
preludes-and-fugues,BWV_0535-1.gp5,Guitar I,Guitar II,429,67.1,5.4,20,54-84,whole piece -3 semitones
preludes-and-fugues,BWV_0535-1.gp5,Guitar II,Guitar III,440,63.1,3.0,11,43-75,whole piece -3 semitones
preludes-and-fugues,BWV_0535-1.gp5,Guitar III,Guitar I,276,67.1,5.8,20,48-84,whole piece -3 semitones
preludes-and-fugues,BWV_0535-1.gp5,Guitar IV,Guitar IV,117,59.5,3.4,15,45-79,whole piece -3 semitones
preludes-and-fugues,BWV_0535-1.gp5,Bass,Bass,52,45.9,3.8,12,36-55,whole piece -3 semitones
preludes-and-fugues,BWV_0535-2.gp5,Guitar I,Guitar I,542,69.5,7.0,18,43-82,whole piece -1 semitones
preludes-and-fugues,BWV_0535-2.gp5,Guitar II,Guitar III,607,66.7,5.9,20,45-84,whole piece -1 semitones
preludes-and-fugues,BWV_0535-2.gp5,Guitar III,Guitar II,476,69.0,7.9,20,43-84,whole piece -1 semitones
preludes-and-fugues,BWV_0535-2.gp5,Guitar IV,Guitar IV,263,62.1,4.0,17,41-81,whole piece -1 semitones
preludes-and-fugues,BWV_0535-2.gp5,Bass,Bass,198,39.1,1.8,7,28-50,"whole piece -1 semitones, drop D"
preludes-and-fugues,BWV_0535a-1.gp5,Guitar I,Guitar III,140,64.4,6.5,19,43-82,left as it is - nothing lower fits without falling off the neck
preludes-and-fugues,BWV_0535a-1.gp5,Guitar II,Guitar II,97,66.5,5.1,11,43-75,left as it is - nothing lower fits without falling off the neck
preludes-and-fugues,BWV_0535a-1.gp5,Guitar III,Guitar I,74,68.0,5.7,17,55-81,left as it is - nothing lower fits without falling off the neck
preludes-and-fugues,BWV_0535a-1.gp5,Guitar IV,Guitar IV,36,62.8,3.9,11,55-75,left as it is - nothing lower fits without falling off the neck
preludes-and-fugues,BWV_0535a-1.gp5,Bass,Bass,22,38.5,1.8,4,30-46,left as it is - nothing lower fits without falling off the neck
preludes-and-fugues,BWV_0535a-2.gp5,Guitar I,Guitar III,498,64.8,4.6,20,41-84,whole piece -1 semitones
preludes-and-fugues,BWV_0535a-2.gp5,Guitar II,Guitar I,518,70.7,9.0,20,48-84,whole piece -1 semitones
preludes-and-fugues,BWV_0535a-2.gp5,Guitar III,Guitar II,296,67.9,7.0,18,55-82,whole piece -1 semitones
preludes-and-fugues,BWV_0535a-2.gp5,Bass,Bass,121,39.9,1.7,3,29-46,whole piece -1 semitones
preludes-and-fugues,BWV_0536-1.gp5,Guitar I,Guitar III,203,64.9,3.9,17,45-81,left as it is - nothing lower fits without falling off the neck
preludes-and-fugues,BWV_0536-1.gp5,Guitar II,Guitar I,181,69.1,8.7,19,45-83,left as it is - nothing lower fits without falling off the neck
preludes-and-fugues,BWV_0536-1.gp5,Guitar III,Guitar II,193,67.3,8.0,19,44-83,left as it is - nothing lower fits without falling off the neck
preludes-and-fugues,BWV_0536-1.gp5,Guitar IV,Guitar IV,80,63.9,5.5,19,49-83,left as it is - nothing lower fits without falling off the neck
preludes-and-fugues,BWV_0536-1.gp5,Bass,Bass,91,40.9,3.2,9,28-52,left as it is - nothing lower fits without falling off the neck
preludes-and-fugues,BWV_0536-2.gp5,Guitar I,Guitar II,583,66.9,6.1,21,40-83,left as it is - nothing lower fits without falling off the neck
preludes-and-fugues,BWV_0536-2.gp5,Guitar II,Guitar III,548,65.2,5.0,19,40-83,left as it is - nothing lower fits without falling off the neck
preludes-and-fugues,BWV_0536-2.gp5,Guitar III,Guitar IV,460,64.6,4.8,19,42-83,left as it is - nothing lower fits without falling off the neck
preludes-and-fugues,BWV_0536-2.gp5,Guitar IV,Guitar I,144,67.4,6.0,19,40-83,left as it is - nothing lower fits without falling off the neck
preludes-and-fugues,BWV_0536-2.gp5,Bass,Bass,255,39.4,2.4,9,28-52,left as it is - nothing lower fits without falling off the neck
preludes-and-fugues,BWV_0536a-1.gp5,Guitar I,Guitar IV,207,63.6,4.5,12,45-76,whole piece -2 semitones
preludes-and-fugues,BWV_0536a-1.gp5,Guitar II,Guitar I,187,70.3,9.5,20,49-83,whole piece -2 semitones
preludes-and-fugues,BWV_0536a-1.gp5,Guitar III,Guitar III,182,63.8,4.5,19,45-83,whole piece -2 semitones
preludes-and-fugues,BWV_0536a-1.gp5,Guitar IV,Guitar II,132,64.7,6.3,19,45-83,whole piece -2 semitones
preludes-and-fugues,BWV_0536a-1.gp5,Bass,Bass,34,42.2,2.3,4,37-47,whole piece -2 semitones
preludes-and-fugues,BWV_0536a-2.gp5,Guitar I,Guitar III,544,65.1,4.5,19,40-83,left as it is - nothing lower fits without falling off the neck
preludes-and-fugues,BWV_0536a-2.gp5,Guitar II,Guitar IV,555,61.2,3.2,17,40-81,left as it is - nothing lower fits without falling off the neck
preludes-and-fugues,BWV_0536a-2.gp5,Guitar III,Guitar I,480,69.5,7.9,21,50-83,left as it is - nothing lower fits without falling off the neck
preludes-and-fugues,BWV_0536a-2.gp5,Guitar IV,Guitar II,234,67.6,6.3,19,40-83,left as it is - nothing lower fits without falling off the neck
preludes-and-fugues,BWV_0536a-2.gp5,Bass,Bass,241,38.3,2.2,9,28-52,left as it is - nothing lower fits without falling off the neck
preludes-and-fugues,BWV_0537-1.gp5,Guitar I,Guitar I,373,71.5,8.3,20,50-84,whole piece -3 semitones
preludes-and-fugues,BWV_0537-1.gp5,Guitar II,Guitar III,353,66.0,5.2,20,48-84,whole piece -3 semitones
preludes-and-fugues,BWV_0537-1.gp5,Guitar III,Guitar IV,335,64.9,5.4,20,46-84,whole piece -3 semitones
preludes-and-fugues,BWV_0537-1.gp5,Guitar IV,Guitar II,104,66.1,5.5,15,53-79,whole piece -3 semitones
preludes-and-fugues,BWV_0537-1.gp5,Bass,Bass,169,46.9,6.2,12,36-55,whole piece -3 semitones
preludes-and-fugues,BWV_0537-2.gp5,Guitar I,Guitar I,556,70.8,8.1,18,57-82,whole piece -1 semitones
preludes-and-fugues,BWV_0537-2.gp5,Guitar II,Guitar IV,667,60.8,3.3,17,43-81,whole piece -1 semitones
preludes-and-fugues,BWV_0537-2.gp5,Guitar III,Guitar II,490,70.4,8.3,19,54-83,whole piece -1 semitones
preludes-and-fugues,BWV_0537-2.gp5,Guitar IV,Guitar III,163,63.8,4.3,17,48-81,whole piece -1 semitones
preludes-and-fugues,BWV_0537-2.gp5,Bass,Bass,285,37.9,1.8,5,29-48,whole piece -1 semitones
preludes-and-fugues,BWV_0538-1.gp5,Guitar I,Guitar II,402,65.0,3.7,17,53-81,left as it is - it would need a wider stretch than the original
preludes-and-fugues,BWV_0538-1.gp5,Guitar II,Guitar I,1152,71.6,8.9,17,57-81,left as it is - it would need a wider stretch than the original
preludes-and-fugues,BWV_0538-1.gp5,Guitar III,Guitar III,478,62.4,2.8,17,45-81,left as it is - it would need a wider stretch than the original
preludes-and-fugues,BWV_0538-1.gp5,Guitar IV,Guitar IV,577,57.0,2.0,17,41-81,left as it is - it would need a wider stretch than the original
preludes-and-fugues,BWV_0538-1.gp5,Bass,Bass,430,46.5,6.1,12,29-55,left as it is - it would need a wider stretch than the original
preludes-and-fugues,BWV_0538-2.gp5,Guitar I,Guitar II,803,65.4,3.5,17,56-81,left as it is - nothing lower fits without falling off the neck
preludes-and-fugues,BWV_0538-2.gp5,Guitar II,Guitar I,856,71.2,8.3,19,59-83,left as it is - nothing lower fits without falling off the neck
preludes-and-fugues,BWV_0538-2.gp5,Guitar III,Guitar III,396,57.3,1.9,17,43-81,left as it is - nothing lower fits without falling off the neck
preludes-and-fugues,BWV_0538-2.gp5,Guitar IV,Guitar IV,624,54.4,1.6,8,40-72,left as it is - nothing lower fits without falling off the neck
preludes-and-fugues,BWV_0538-2.gp5,Bass,Bass,426,47.0,5.6,12,36-55,left as it is - nothing lower fits without falling off the neck
preludes-and-fugues,BWV_0539.gp5,Guitar I,Guitar I,958,68.5,7.0,20,42-84,left as it is - nothing lower fits without falling off the neck
preludes-and-fugues,BWV_0539.gp5,Guitar II,Guitar II,743,63.7,4.4,18,45-82,left as it is - nothing lower fits without falling off the neck
preludes-and-fugues,BWV_0539.gp5,Guitar III,Guitar III,658,62.0,3.9,22,40-86,left as it is - nothing lower fits without falling off the neck
preludes-and-fugues,BWV_0539.gp5,Guitar IV,Guitar IV,518,58.4,2.8,19,40-83,left as it is - nothing lower fits without falling off the neck
preludes-and-fugues,BWV_0539.gp5,Bass,Bass,314,44.5,4.7,12,28-55,left as it is - nothing lower fits without falling off the neck
preludes-and-fugues,BWV_0540-1.gp5,Guitar I,Guitar III,1284,64.1,4.9,20,41-84,"whole piece -2 semitones, drop D"
preludes-and-fugues,BWV_0540-1.gp5,Guitar II,Guitar I,1074,66.1,6.1,22,40-84,"whole piece -2 semitones, drop D"
preludes-and-fugues,BWV_0540-1.gp5,Guitar III,Guitar II,964,64.6,5.6,20,40-84,"whole piece -2 semitones, drop D"
preludes-and-fugues,BWV_0540-1.gp5,Guitar IV,Guitar IV,711,61.7,4.5,20,43-84,whole piece -2 semitones
preludes-and-fugues,BWV_0540-1.gp5,Bass,Bass,1118,38.8,2.1,10,28-53,"whole piece -2 semitones, drop D"
preludes-and-fugues,BWV_0540-2.gp5,Guitar I,Guitar III,756,64.0,4.9,20,43-84,whole piece -2 semitones
preludes-and-fugues,BWV_0540-2.gp5,Guitar II,Guitar II,769,65.2,5.4,20,43-84,whole piece -2 semitones
preludes-and-fugues,BWV_0540-2.gp5,Guitar III,Guitar I,485,66.0,4.9,20,43-84,whole piece -2 semitones
preludes-and-fugues,BWV_0540-2.gp5,Bass,Bass,244,37.6,1.7,5,28-48,"whole piece -2 semitones, drop D"
preludes-and-fugues,BWV_0541-1.gp5,Guitar I,Guitar IV,455,64.7,4.6,20,43-84,whole piece -2 semitones
preludes-and-fugues,BWV_0541-1.gp5,Guitar II,Guitar III,444,65.2,5.2,19,43-83,whole piece -2 semitones
preludes-and-fugues,BWV_0541-1.gp5,Guitar III,Guitar II,356,65.6,4.5,19,47-83,whole piece -2 semitones
preludes-and-fugues,BWV_0541-1.gp5,Guitar IV,Guitar I,273,71.4,9.4,20,50-84,whole piece -2 semitones
preludes-and-fugues,BWV_0541-1.gp5,Bass,Bass,316,41.1,2.0,12,28-52,"whole piece -2 semitones, drop D"
preludes-and-fugues,BWV_0541-2.gp5,Guitar I,Guitar I,661,68.1,6.3,20,49-84,whole piece -2 semitones
preludes-and-fugues,BWV_0541-2.gp5,Guitar II,Guitar III,593,67.1,6.0,20,50-84,whole piece -2 semitones
preludes-and-fugues,BWV_0541-2.gp5,Guitar III,Guitar II,511,67.3,5.4,20,45-84,whole piece -2 semitones
preludes-and-fugues,BWV_0541-2.gp5,Guitar IV,Guitar IV,264,62.4,3.7,15,40-79,"whole piece -2 semitones, drop D"
preludes-and-fugues,BWV_0541-2.gp5,Bass,Bass,471,39.5,1.8,7,28-50,"whole piece -2 semitones, drop D"
preludes-and-fugues,BWV_0542-1.gp5,Guitar I,Guitar I,606,71.8,9.1,22,55-86,whole piece -2 semitones
preludes-and-fugues,BWV_0542-1.gp5,Guitar II,Guitar II,267,66.3,4.0,13,54-77,whole piece -2 semitones
preludes-and-fugues,BWV_0542-1.gp5,Guitar III,Guitar IV,204,56.6,1.9,8,40-70,"whole piece -2 semitones, drop D"
preludes-and-fugues,BWV_0542-1.gp5,Guitar IV,Guitar III,210,63.1,4.4,13,49-77,whole piece -2 semitones
preludes-and-fugues,BWV_0542-1.gp5,Bass,Bass,201,47.0,5.6,12,36-55,whole piece -2 semitones
preludes-and-fugues,BWV_0542-2.gp5,Guitar I,Guitar I,899,73.4,10.5,22,57-84,whole piece -2 semitones
preludes-and-fugues,BWV_0542-2.gp5,Guitar II,Guitar II,878,70.0,7.7,20,57-84,whole piece -2 semitones
preludes-and-fugues,BWV_0542-2.gp5,Guitar III,Guitar III,898,58.7,2.6,15,40-79,"whole piece -2 semitones, drop D"
preludes-and-fugues,BWV_0542-2.gp5,Guitar IV,Guitar IV,189,56.0,2.0,10,43-74,whole piece -2 semitones
preludes-and-fugues,BWV_0542-2.gp5,Bass,Bass,564,39.2,2.1,12,28-55,"whole piece -2 semitones, drop D"
preludes-and-fugues,BWV_0543-1.gp5,Guitar I,Guitar II,472,64.8,4.1,14,52-77,left as it is - nothing lower fits without falling off the neck
preludes-and-fugues,BWV_0543-1.gp5,Guitar II,Guitar I,393,65.3,5.2,19,45-83,left as it is - nothing lower fits without falling off the neck
preludes-and-fugues,BWV_0543-1.gp5,Guitar III,Guitar III,267,64.2,3.6,19,43-83,left as it is - nothing lower fits without falling off the neck
preludes-and-fugues,BWV_0543-1.gp5,Guitar IV,Guitar IV,129,61.1,3.1,17,50-81,left as it is - nothing lower fits without falling off the neck
preludes-and-fugues,BWV_0543-1.gp5,Bass,Bass,247,38.8,1.8,7,28-50,left as it is - nothing lower fits without falling off the neck
preludes-and-fugues,BWV_0543-2.gp5,Guitar I,Guitar I,792,69.3,6.6,20,45-84,whole piece -2 semitones
preludes-and-fugues,BWV_0543-2.gp5,Guitar II,Guitar III,834,65.4,5.3,20,44-84,whole piece -2 semitones
preludes-and-fugues,BWV_0543-2.gp5,Guitar III,Guitar IV,721,64.3,4.1,17,43-81,whole piece -2 semitones
preludes-and-fugues,BWV_0543-2.gp5,Guitar IV,Guitar II,470,67.4,6.0,19,47-83,whole piece -2 semitones
preludes-and-fugues,BWV_0543-2.gp5,Bass,Bass,480,38.6,2.0,7,28-50,"whole piece -2 semitones, drop D"
preludes-and-fugues,BWV_0543a.gp5,Guitar I,Guitar II,353,65.1,4.5,13,44-77,left as it is - nothing lower fits without falling off the neck
preludes-and-fugues,BWV_0543a.gp5,Guitar II,Guitar I,392,65.3,5.4,19,43-83,left as it is - nothing lower fits without falling off the neck
preludes-and-fugues,BWV_0543a.gp5,Guitar III,Guitar III,225,64.5,3.5,21,47-83,left as it is - nothing lower fits without falling off the neck
preludes-and-fugues,BWV_0543a.gp5,Guitar IV,Guitar IV,124,61.9,3.3,15,45-79,left as it is - nothing lower fits without falling off the neck
preludes-and-fugues,BWV_0543a.gp5,Bass,Bass,224,38.8,1.8,7,28-50,left as it is - nothing lower fits without falling off the neck
preludes-and-fugues,BWV_0544-1.gp5,Guitar I,Guitar I,912,71.5,8.8,20,45-84,whole piece -2 semitones
preludes-and-fugues,BWV_0544-1.gp5,Guitar II,Guitar II,383,69.5,6.8,19,54-83,whole piece -2 semitones
preludes-and-fugues,BWV_0544-1.gp5,Guitar III,Guitar III,470,62.8,3.1,16,42-80,whole piece -2 semitones
preludes-and-fugues,BWV_0544-1.gp5,Guitar IV,Guitar IV,402,55.7,2.1,10,40-74,"whole piece -2 semitones, drop D"
preludes-and-fugues,BWV_0544-1.gp5,Bass,Bass,327,39.5,3.1,12,28-55,"whole piece -2 semitones, drop D"
preludes-and-fugues,BWV_0544-2.gp5,Guitar I,Guitar II,744,67.5,4.8,14,52-78,whole piece -2 semitones
preludes-and-fugues,BWV_0544-2.gp5,Guitar II,Guitar III,331,59.4,2.0,9,42-73,whole piece -2 semitones
preludes-and-fugues,BWV_0544-2.gp5,Guitar III,Guitar I,569,74.3,10.9,20,59-84,whole piece -2 semitones
preludes-and-fugues,BWV_0544-2.gp5,Guitar IV,Guitar IV,536,55.9,1.7,6,40-69,"whole piece -2 semitones, drop D"
preludes-and-fugues,BWV_0544-2.gp5,Bass,Bass,328,37.3,2.1,5,28-48,"whole piece -2 semitones, drop D"
preludes-and-fugues,BWV_0545-1.gp5,Guitar I,Guitar I,228,68.5,6.5,20,45-84,left as it is - nothing lower fits without falling off the neck
preludes-and-fugues,BWV_0545-1.gp5,Guitar II,Guitar II,209,66.9,6.2,20,43-83,left as it is - nothing lower fits without falling off the neck
preludes-and-fugues,BWV_0545-1.gp5,Guitar III,Guitar IV,184,66.5,4.6,18,48-81,left as it is - nothing lower fits without falling off the neck
preludes-and-fugues,BWV_0545-1.gp5,Guitar IV,Guitar III,177,66.5,6.0,18,50-82,left as it is - nothing lower fits without falling off the neck
preludes-and-fugues,BWV_0545-1.gp5,Bass,Bass,189,39.0,2.1,7,28-50,left as it is - nothing lower fits without falling off the neck
preludes-and-fugues,BWV_0545-2.gp5,Guitar I,Guitar I,438,67.2,5.8,20,43-84,left as it is - nothing lower fits without falling off the neck
preludes-and-fugues,BWV_0545-2.gp5,Guitar II,Guitar III,460,65.7,4.7,20,43-84,left as it is - nothing lower fits without falling off the neck
preludes-and-fugues,BWV_0545-2.gp5,Guitar III,Guitar II,400,66.1,7.2,20,40-84,left as it is - nothing lower fits without falling off the neck
preludes-and-fugues,BWV_0545-2.gp5,Guitar IV,Guitar IV,233,63.6,5.6,20,47-81,left as it is - nothing lower fits without falling off the neck
preludes-and-fugues,BWV_0545-2.gp5,Bass,Bass,282,39.3,2.0,12,29-55,left as it is - nothing lower fits without falling off the neck
preludes-and-fugues,BWV_0545a-1.gp5,Guitar I,Guitar I,184,70.4,7.2,17,48-81,whole piece -1 semitones
preludes-and-fugues,BWV_0545a-1.gp5,Guitar II,Guitar III,193,67.2,7.1,20,45-83,whole piece -1 semitones
preludes-and-fugues,BWV_0545a-1.gp5,Guitar III,Guitar IV,174,65.1,4.1,17,50-81,whole piece -1 semitones
preludes-and-fugues,BWV_0545a-1.gp5,Guitar IV,Guitar II,82,67.2,4.6,18,55-81,whole piece -1 semitones
preludes-and-fugues,BWV_0545a-1.gp5,Bass,Bass,133,38.1,2.0,5,29-48,whole piece -1 semitones
preludes-and-fugues,BWV_0545a-2.gp5,Guitar I,Guitar I,455,66.8,5.5,20,43-84,left as it is - nothing lower fits without falling off the neck
preludes-and-fugues,BWV_0545a-2.gp5,Guitar II,Guitar III,431,65.9,4.7,20,43-84,left as it is - nothing lower fits without falling off the neck
preludes-and-fugues,BWV_0545a-2.gp5,Guitar III,Guitar II,397,66.4,6.9,20,40-84,left as it is - nothing lower fits without falling off the neck
preludes-and-fugues,BWV_0545a-2.gp5,Guitar IV,Guitar IV,242,63.9,5.4,20,47-81,left as it is - nothing lower fits without falling off the neck
preludes-and-fugues,BWV_0545a-2.gp5,Bass,Bass,280,39.4,2.0,12,29-55,left as it is - nothing lower fits without falling off the neck
preludes-and-fugues,BWV_0545b-1.gp5,Guitar I,Guitar I,1287,74.2,11.4,20,55-84,whole piece -2 semitones
preludes-and-fugues,BWV_0545b-1.gp5,Guitar II,Guitar II,326,66.2,5.5,15,43-79,whole piece -2 semitones
preludes-and-fugues,BWV_0545b-1.gp5,Guitar III,Guitar III,1185,58.9,2.3,12,40-75,"whole piece -2 semitones, drop D"
preludes-and-fugues,BWV_0545b-1.gp5,Bass,Bass,815,39.6,2.2,12,28-55,"whole piece -2 semitones, drop D"
preludes-and-fugues,BWV_0545b-2.gp5,Guitar I,Guitar I,578,72.1,9.6,20,60-84,left as it is - nothing lower fits without falling off the neck
preludes-and-fugues,BWV_0545b-2.gp5,Guitar II,Guitar II,495,64.9,3.8,13,48-77,left as it is - nothing lower fits without falling off the neck
preludes-and-fugues,BWV_0545b-2.gp5,Guitar III,Guitar III,530,58.7,2.6,15,41-79,left as it is - nothing lower fits without falling off the neck
preludes-and-fugues,BWV_0545b-2.gp5,Bass,Bass,292,37.0,1.6,6,28-48,left as it is - nothing lower fits without falling off the neck
preludes-and-fugues,BWV_0546-1.gp5,Guitar I,Guitar I,798,69.2,7.3,20,45-84,whole piece -2 semitones
preludes-and-fugues,BWV_0546-1.gp5,Guitar II,Guitar II,546,65.0,5.9,20,40-84,"whole piece -2 semitones, drop D"
preludes-and-fugues,BWV_0546-1.gp5,Guitar III,Guitar III,734,64.8,5.9,20,41-84,"whole piece -2 semitones, drop D"
preludes-and-fugues,BWV_0546-1.gp5,Guitar IV,Guitar IV,609,62.9,5.3,21,40-85,"whole piece -2 semitones, drop D"
preludes-and-fugues,BWV_0546-1.gp5,Bass,Bass,272,41.7,3.7,12,28-55,"whole piece -2 semitones, drop D"
preludes-and-fugues,BWV_0546-2.gp5,Guitar I,Guitar I,651,67.3,6.0,20,50-84,whole piece -1 semitones
preludes-and-fugues,BWV_0546-2.gp5,Guitar II,Guitar II,587,64.3,5.3,22,41-86,whole piece -1 semitones
preludes-and-fugues,BWV_0546-2.gp5,Guitar III,Guitar III,500,60.6,4.6,16,41-80,whole piece -1 semitones
preludes-and-fugues,BWV_0546-2.gp5,Guitar IV,Guitar IV,327,59.7,4.2,18,41-82,whole piece -1 semitones
preludes-and-fugues,BWV_0546-2.gp5,Bass,Bass,113,44.2,4.1,12,29-55,whole piece -1 semitones
preludes-and-fugues,BWV_0547-1.gp5,Guitar I,Guitar IV,645,64.8,5.0,20,41-84,"whole piece -2 semitones, drop D"
preludes-and-fugues,BWV_0547-1.gp5,Guitar II,Guitar I,642,71.2,8.5,20,47-84,whole piece -2 semitones
preludes-and-fugues,BWV_0547-1.gp5,Guitar III,Guitar III,562,64.9,5.0,20,43-84,whole piece -2 semitones
preludes-and-fugues,BWV_0547-1.gp5,Guitar IV,Guitar II,151,65.9,5.1,20,47-84,whole piece -2 semitones
preludes-and-fugues,BWV_0547-1.gp5,Bass,Bass,282,38.9,2.2,8,28-50,"whole piece -2 semitones, drop D"
preludes-and-fugues,BWV_0547-2.gp5,Guitar I,Guitar II,560,65.6,4.6,20,45-83,left as it is - nothing lower fits without falling off the neck
preludes-and-fugues,BWV_0547-2.gp5,Guitar II,Guitar I,522,68.6,7.2,20,45-84,left as it is - nothing lower fits without falling off the neck
preludes-and-fugues,BWV_0547-2.gp5,Guitar III,Guitar IV,454,60.6,3.1,15,40-79,left as it is - nothing lower fits without falling off the neck
preludes-and-fugues,BWV_0547-2.gp5,Guitar IV,Guitar III,391,63.7,4.8,20,43-84,left as it is - nothing lower fits without falling off the neck
preludes-and-fugues,BWV_0547-2.gp5,Bass,Bass,89,40.9,2.6,12,31-55,left as it is - nothing lower fits without falling off the neck
preludes-and-fugues,BWV_0548-1.gp5,Guitar I,Guitar I,798,70.0,8.7,20,48-84,whole piece -2 semitones
preludes-and-fugues,BWV_0548-1.gp5,Guitar II,Guitar II,375,66.9,6.6,20,40-84,"whole piece -2 semitones, drop D"
preludes-and-fugues,BWV_0548-1.gp5,Guitar III,Guitar III,833,66.2,5.4,19,40-83,"whole piece -2 semitones, drop D"
preludes-and-fugues,BWV_0548-1.gp5,Guitar IV,Guitar IV,660,66.1,5.7,20,40-83,"whole piece -2 semitones, drop D"
preludes-and-fugues,BWV_0548-1.gp5,Bass,Bass,492,40.4,2.7,12,28-55,"whole piece -2 semitones, drop D"
preludes-and-fugues,BWV_0548-2.gp5,Guitar I,Guitar II,1366,69.3,7.0,20,45-84,whole piece -2 semitones
preludes-and-fugues,BWV_0548-2.gp5,Guitar II,Guitar III,1053,66.7,5.4,20,47-84,whole piece -2 semitones
preludes-and-fugues,BWV_0548-2.gp5,Guitar III,Guitar IV,833,65.5,5.5,20,47-84,whole piece -2 semitones
preludes-and-fugues,BWV_0548-2.gp5,Guitar IV,Guitar I,220,69.5,7.6,20,51-84,whole piece -2 semitones
preludes-and-fugues,BWV_0548-2.gp5,Bass,Bass,584,39.0,2.3,11,28-54,"whole piece -2 semitones, drop D"
preludes-and-fugues,BWV_0549-1.gp5,Guitar I,Guitar I,151,67.6,5.3,17,51-81,left as it is - nothing lower fits without falling off the neck
preludes-and-fugues,BWV_0549-1.gp5,Guitar II,Guitar II,129,67.2,6.5,15,48-79,left as it is - nothing lower fits without falling off the neck
preludes-and-fugues,BWV_0549-1.gp5,Guitar III,Guitar III,116,63.2,3.5,11,43-75,left as it is - nothing lower fits without falling off the neck
preludes-and-fugues,BWV_0549-1.gp5,Guitar IV,Guitar IV,73,60.7,3.3,15,47-79,left as it is - nothing lower fits without falling off the neck
preludes-and-fugues,BWV_0549-1.gp5,Bass,Bass,145,38.5,1.8,6,28-48,left as it is - nothing lower fits without falling off the neck
preludes-and-fugues,BWV_0549-2.gp5,Guitar I,Guitar I,507,68.3,6.2,16,48-80,whole piece -1 semitones
preludes-and-fugues,BWV_0549-2.gp5,Guitar II,Guitar II,402,64.6,5.2,16,47-80,whole piece -1 semitones
preludes-and-fugues,BWV_0549-2.gp5,Guitar III,Guitar IV,326,62.2,4.6,18,41-82,whole piece -1 semitones
preludes-and-fugues,BWV_0549-2.gp5,Guitar IV,Guitar III,221,64.0,5.6,16,43-80,whole piece -1 semitones
preludes-and-fugues,BWV_0549-2.gp5,Bass,Bass,113,39.1,1.5,5,29-48,whole piece -1 semitones
preludes-and-fugues,BWV_0549a-1.gp5,Guitar I,Guitar I,147,72.0,9.0,19,45-83,left as it is - nothing lower fits without falling off the neck
preludes-and-fugues,BWV_0549a-1.gp5,Guitar II,Guitar II,116,67.5,5.4,15,53-79,left as it is - nothing lower fits without falling off the neck
preludes-and-fugues,BWV_0549a-1.gp5,Guitar III,Guitar IV,120,61.7,3.0,10,49-74,left as it is - nothing lower fits without falling off the neck
preludes-and-fugues,BWV_0549a-1.gp5,Guitar IV,Guitar III,82,66.6,4.7,18,50-81,left as it is - nothing lower fits without falling off the neck
preludes-and-fugues,BWV_0549a-1.gp5,Bass,Bass,143,40.2,2.2,9,28-50,left as it is - nothing lower fits without falling off the neck
preludes-and-fugues,BWV_0549a-2.gp5,Guitar I,Guitar I,508,70.6,7.3,18,50-82,whole piece -3 semitones
preludes-and-fugues,BWV_0549a-2.gp5,Guitar II,Guitar II,399,65.7,5.3,18,49-82,whole piece -3 semitones
preludes-and-fugues,BWV_0549a-2.gp5,Guitar III,Guitar III,371,65.2,5.9,20,45-84,whole piece -3 semitones
preludes-and-fugues,BWV_0549a-2.gp5,Guitar IV,Guitar IV,195,60.9,4.3,18,45-82,whole piece -3 semitones
preludes-and-fugues,BWV_0549a-2.gp5,Bass,Bass,114,40.9,1.8,7,29-50,"whole piece -3 semitones, drop D"
preludes-and-fugues,BWV_0550-1.gp5,Guitar I,Guitar II,286,69.6,8.2,20,43-84,whole piece -2 semitones
preludes-and-fugues,BWV_0550-1.gp5,Guitar II,Guitar IV,253,62.6,3.6,19,43-83,whole piece -2 semitones
preludes-and-fugues,BWV_0550-1.gp5,Guitar III,Guitar I,221,70.2,8.7,20,52-84,whole piece -2 semitones
preludes-and-fugues,BWV_0550-1.gp5,Guitar IV,Guitar III,93,68.9,6.6,15,50-79,whole piece -2 semitones
preludes-and-fugues,BWV_0550-1.gp5,Bass,Bass,242,40.4,2.6,10,28-52,"whole piece -2 semitones, drop D"
preludes-and-fugues,BWV_0550-2.gp5,Guitar I,Guitar II,567,66.5,6.0,20,40-84,"whole piece -2 semitones, drop D"
preludes-and-fugues,BWV_0550-2.gp5,Guitar II,Guitar I,683,67.4,7.1,21,45-84,whole piece -2 semitones
preludes-and-fugues,BWV_0550-2.gp5,Guitar III,Guitar III,653,66.5,5.0,21,47-84,whole piece -2 semitones
preludes-and-fugues,BWV_0550-2.gp5,Guitar IV,Guitar IV,290,63.3,4.5,17,42-81,whole piece -2 semitones
preludes-and-fugues,BWV_0550-2.gp5,Bass,Bass,375,39.7,2.1,10,28-52,"whole piece -2 semitones, drop D"
preludes-and-fugues,BWV_0551.gp5,Guitar I,Guitar II,637,67.0,5.6,20,45-84,whole piece -2 semitones
preludes-and-fugues,BWV_0551.gp5,Guitar II,Guitar III,563,66.2,4.7,18,48-82,whole piece -2 semitones
preludes-and-fugues,BWV_0551.gp5,Guitar III,Guitar I,481,67.1,5.4,17,52-81,whole piece -2 semitones
preludes-and-fugues,BWV_0551.gp5,Guitar IV,Guitar IV,234,64.1,5.6,17,43-81,whole piece -2 semitones
preludes-and-fugues,BWV_0551.gp5,Bass,Bass,242,39.1,1.8,7,28-50,"whole piece -2 semitones, drop D"
preludes-and-fugues,BWV_0552-1.gp5,Guitar I,Guitar I,1133,66.4,6.1,19,44-83,whole piece -1 semitones
preludes-and-fugues,BWV_0552-1.gp5,Guitar II,Guitar II,983,64.3,5.5,20,41-84,whole piece -1 semitones
preludes-and-fugues,BWV_0552-1.gp5,Guitar III,Guitar IV,727,59.3,4.0,18,41-82,whole piece -1 semitones
preludes-and-fugues,BWV_0552-1.gp5,Guitar IV,Guitar III,970,62.2,4.1,18,41-82,whole piece -1 semitones
preludes-and-fugues,BWV_0552-1.gp5,Bass,Bass,409,43.4,4.6,12,28-55,"whole piece -1 semitones, drop D"
preludes-and-fugues,BWV_0552-2.gp5,Guitar I,Guitar I,827,66.4,6.4,20,43-84,whole piece -1 semitones
preludes-and-fugues,BWV_0552-2.gp5,Guitar II,Guitar III,696,65.0,5.9,20,44-84,whole piece -1 semitones
preludes-and-fugues,BWV_0552-2.gp5,Guitar III,Guitar II,637,65.4,5.6,20,43-84,whole piece -1 semitones
preludes-and-fugues,BWV_0552-2.gp5,Guitar IV,Guitar IV,436,58.3,2.6,15,41-79,whole piece -1 semitones
preludes-and-fugues,BWV_0552-2.gp5,Bass,Bass,239,45.2,4.3,12,29-55,whole piece -1 semitones
preludes-and-fugues,BWV_0582-1.gp5,Guitar I,Guitar I,969,67.1,6.3,20,43-84,whole piece -1 semitones
preludes-and-fugues,BWV_0582-1.gp5,Guitar II,Guitar II,755,66.6,6.1,20,41-84,whole piece -1 semitones
preludes-and-fugues,BWV_0582-1.gp5,Guitar III,Guitar III,901,65.5,5.4,20,41-84,whole piece -1 semitones
preludes-and-fugues,BWV_0582-1.gp5,Guitar IV,Guitar IV,415,64.5,5.5,20,41-84,whole piece -1 semitones
preludes-and-fugues,BWV_0582-1.gp5,Bass,Bass,459,48.2,7.6,12,36-55,whole piece -1 semitones
preludes-and-fugues,BWV_0582-2.gp5,Guitar I,Guitar I,411,67.8,8.0,21,46-84,whole piece -3 semitones
preludes-and-fugues,BWV_0582-2.gp5,Guitar II,Guitar II,618,67.7,6.5,18,48-82,whole piece -3 semitones
preludes-and-fugues,BWV_0582-2.gp5,Guitar III,Guitar III,722,65.7,4.2,21,45-84,whole piece -3 semitones
preludes-and-fugues,BWV_0582-2.gp5,Guitar IV,Guitar IV,686,65.3,5.5,21,48-84,whole piece -3 semitones
preludes-and-fugues,BWV_0582-2.gp5,Bass,Bass,578,41.9,3.4,12,29-55,"whole piece -3 semitones, drop D"
trio-sonatas,BWV_0525_1_1.gp5,Guitar I,Guitar II,637,67.6,5.7,15,53-79,left as it is - nothing lower fits without falling off the neck
trio-sonatas,BWV_0525_1_1.gp5,Guitar II,Guitar I,634,72.4,9.9,22,60-84,left as it is - nothing lower fits without falling off the neck
trio-sonatas,BWV_0525_1_1.gp5,Bass,Bass,336,38.7,2.0,7,28-50,left as it is - nothing lower fits without falling off the neck
trio-sonatas,BWV_0525_2_1.gp5,Guitar I,Guitar I,866,73.1,11.0,21,58-84,whole piece -3 semitones
trio-sonatas,BWV_0525_2_1.gp5,Guitar II,Guitar II,820,70.0,8.1,20,55-84,whole piece -3 semitones
trio-sonatas,BWV_0525_2_1.gp5,Bass,Bass,513,42.6,3.7,12,29-55,"whole piece -3 semitones, drop D"
trio-sonatas,BWV_0525_3_1.gp5,Guitar I,Guitar I,1024,72.6,10.2,20,59-84,whole piece -3 semitones
trio-sonatas,BWV_0525_3_1.gp5,Guitar II,Guitar II,1026,65.7,4.6,15,51-79,whole piece -3 semitones
trio-sonatas,BWV_0525_3_1.gp5,Bass,Bass,492,40.9,2.9,12,29-55,"whole piece -3 semitones, drop D"
trio-sonatas,BWV_0525a_01.gp5,Guitar I,Guitar II,660,64.7,3.1,12,50-76,left as it is - nothing lower fits without falling off the neck
trio-sonatas,BWV_0525a_01.gp5,Guitar II,Guitar I,633,69.4,6.9,19,57-81,left as it is - nothing lower fits without falling off the neck
trio-sonatas,BWV_0525a_01.gp5,Bass,Bass,336,36.9,1.7,4,28-47,left as it is - nothing lower fits without falling off the neck
trio-sonatas,BWV_0525a_02.gp5,Guitar I,Guitar I,292,73.3,9.7,22,64-86,left as it is - nothing lower fits without falling off the neck
trio-sonatas,BWV_0525a_02.gp5,Guitar II,Guitar II,308,54.0,1.7,4,44-64,left as it is - nothing lower fits without falling off the neck
trio-sonatas,BWV_0525a_02.gp5,Bass,Bass,245,37.3,1.8,9,28-52,left as it is - nothing lower fits without falling off the neck
trio-sonatas,BWV_0525a_03.gp5,Guitar I,Guitar I,1028,69.6,7.0,17,56-81,left as it is - nothing lower fits without falling off the neck
trio-sonatas,BWV_0525a_03.gp5,Guitar II,Guitar II,1032,51.1,1.6,4,40-64,left as it is - nothing lower fits without falling off the neck
trio-sonatas,BWV_0525a_03.gp5,Bass,Bass,492,42.8,3.9,12,28-55,left as it is - nothing lower fits without falling off the neck
trio-sonatas,BWV_0526_1.gp5,Guitar I,Guitar I,911,71.1,9.5,20,53-84,whole piece -2 semitones
trio-sonatas,BWV_0526_1.gp5,Guitar II,Guitar II,893,64.4,4.5,15,48-79,whole piece -2 semitones
trio-sonatas,BWV_0526_1.gp5,Bass,Bass,398,42.1,3.5,12,28-55,"whole piece -2 semitones, drop D"
trio-sonatas,BWV_0526_3.gp5,Guitar I,Guitar I,1037,70.9,8.4,20,58-84,whole piece -1 semitones
trio-sonatas,BWV_0526_3.gp5,Guitar II,Guitar II,1036,64.5,3.9,16,48-80,whole piece -1 semitones
trio-sonatas,BWV_0526_3.gp5,Bass,Bass,713,38.9,2.2,12,29-55,whole piece -1 semitones
trio-sonatas,BWV_0527_1.gp5,Guitar I,Guitar I,968,73.9,10.8,20,64-84,whole piece -2 semitones
trio-sonatas,BWV_0527_1.gp5,Guitar II,Guitar II,803,66.8,4.4,17,52-81,whole piece -2 semitones
trio-sonatas,BWV_0527_1.gp5,Bass,Bass,547,38.6,2.0,7,28-50,"whole piece -2 semitones, drop D"
trio-sonatas,BWV_0527_3.gp5,Guitar I,Guitar II,993,60.0,2.0,18,41-82,left as it is - nothing lower fits without falling off the neck
trio-sonatas,BWV_0527_3.gp5,Guitar II,Guitar I,847,67.9,5.9,18,53-82,left as it is - nothing lower fits without falling off the neck
trio-sonatas,BWV_0527_3.gp5,Bass,Bass,516,39.0,2.2,10,28-53,left as it is - nothing lower fits without falling off the neck
trio-sonatas,BWV_0528_1.gp5,Guitar I,Guitar I,502,71.5,8.6,20,59-84,left as it is - nothing lower fits without falling off the neck
trio-sonatas,BWV_0528_1.gp5,Guitar II,Guitar II,487,64.1,2.8,13,52-76,left as it is - nothing lower fits without falling off the neck
trio-sonatas,BWV_0528_1.gp5,Bass,Bass,311,38.2,2.1,6,28-48,left as it is - nothing lower fits without falling off the neck
trio-sonatas,BWV_0528_3.gp5,Guitar I,Guitar I,589,72.8,10.5,20,57-84,whole piece -2 semitones
trio-sonatas,BWV_0528_3.gp5,Guitar II,Guitar II,553,65.8,4.4,15,50-79,whole piece -2 semitones
trio-sonatas,BWV_0528_3.gp5,Bass,Bass,301,38.7,1.8,5,28-48,"whole piece -2 semitones, drop D"
trio-sonatas,BWV_0528a.gp5,Guitar I,Guitar I,466,71.3,9.7,18,58-82,whole piece -2 semitones
trio-sonatas,BWV_0528a.gp5,Guitar II,Guitar II,418,71.0,9.9,19,57-83,whole piece -2 semitones
trio-sonatas,BWV_0528a.gp5,Bass,Bass,280,38.9,1.8,8,28-50,"whole piece -2 semitones, drop D"
trio-sonatas,BWV_0529_1.gp5,Guitar I,Guitar I,1215,74.5,11.9,20,57-84,whole piece -2 semitones
trio-sonatas,BWV_0529_1.gp5,Guitar II,Guitar II,1237,64.9,3.6,13,48-77,whole piece -2 semitones
trio-sonatas,BWV_0529_1.gp5,Bass,Bass,560,37.6,1.8,7,28-50,"whole piece -2 semitones, drop D"
trio-sonatas,BWV_0529_3.gp5,Guitar I,Guitar I,882,74.1,11.6,20,59-84,whole piece -2 semitones
trio-sonatas,BWV_0529_3.gp5,Guitar II,Guitar II,828,68.0,5.9,17,48-81,whole piece -2 semitones
trio-sonatas,BWV_0529_3.gp5,Bass,Bass,542,39.5,1.9,8,28-50,"whole piece -2 semitones, drop D"
trio-sonatas,BWV_0530_1.gp5,Guitar I,Guitar I,1009,72.7,10.9,20,54-84,whole piece -2 semitones
trio-sonatas,BWV_0530_1.gp5,Guitar II,Guitar II,951,64.8,3.9,14,49-78,whole piece -2 semitones
trio-sonatas,BWV_0530_1.gp5,Bass,Bass,507,43.1,3.7,12,28-55,"whole piece -2 semitones, drop D"
trio-sonatas,BWV_0530_3.gp5,Guitar I,Guitar II,823,69.0,6.3,17,54-81,whole piece -2 semitones
trio-sonatas,BWV_0530_3.gp5,Guitar II,Guitar I,829,72.2,9.6,20,62-83,whole piece -2 semitones
trio-sonatas,BWV_0530_3.gp5,Bass,Bass,522,39.4,2.1,7,28-50,"whole piece -2 semitones, drop D"
trio-sonatas,BWV_0583.gp5,Guitar I,Guitar I,600,72.1,9.1,20,55-84,whole piece -2 semitones
trio-sonatas,BWV_0583.gp5,Guitar II,Guitar II,456,69.0,6.8,18,50-82,whole piece -2 semitones
trio-sonatas,BWV_0583.gp5,Guitar III,Guitar III,24,68.6,6.4,12,63-76,whole piece -2 semitones
trio-sonatas,BWV_0583.gp5,Bass,Bass,386,38.2,1.6,7,28-50,"whole piece -2 semitones, drop D"
trio-sonatas,BWV_0584.gp5,Guitar I,Guitar I,291,76.8,13.7,22,66-86,whole piece -2 semitones
trio-sonatas,BWV_0584.gp5,Guitar II,Guitar III,328,71.4,8.9,18,59-82,whole piece -2 semitones
trio-sonatas,BWV_0584.gp5,Guitar III,Guitar II,23,75.4,12.7,18,66-82,whole piece -2 semitones
trio-sonatas,BWV_0584.gp5,Bass,Bass,254,37.6,1.5,7,28-50,"whole piece -2 semitones, drop D"
trio-sonatas,BWV_0585.gp5,Guitar I,Guitar I,671,72.6,9.8,21,60-84,whole piece -3 semitones
trio-sonatas,BWV_0585.gp5,Guitar II,Guitar II,625,72.3,10.0,21,60-84,whole piece -3 semitones
trio-sonatas,BWV_0585.gp5,Guitar III,Guitar III,45,71.1,8.3,13,66-77,whole piece -3 semitones
trio-sonatas,BWV_0585.gp5,Bass,Bass,388,38.4,1.6,6,29-48,"whole piece -3 semitones, drop D"
trio-sonatas,BWV_0586.gp5,Guitar I,Guitar II,860,71.7,8.7,20,59-84,whole piece -2 semitones
trio-sonatas,BWV_0586.gp5,Guitar II,Guitar I,719,73.2,10.0,20,62-84,whole piece -2 semitones
trio-sonatas,BWV_0586.gp5,Bass,Bass,471,40.4,1.9,9,28-52,"whole piece -2 semitones, drop D"
trio-sonatas,BWV_1027a.gp5,Guitar I,Guitar I,825,72.8,10.1,20,62-84,whole piece -2 semitones
trio-sonatas,BWV_1027a.gp5,Guitar II,Guitar II,711,61.0,2.0,11,43-74,whole piece -2 semitones
trio-sonatas,BWV_1027a.gp5,Bass,Bass,453,43.8,4.5,12,28-55,"whole piece -2 semitones, drop D"
